--
-- PostgreSQL database dump
--

\restrict 5K678HJMGAMRcdDJXZ9grvrOUU1oeGaaoPnZeN3tdneyWm1jaCfeKKZygAdPnEw

-- Dumped from database version 15.17
-- Dumped by pg_dump version 15.17

SET statement_timeout = 0;
SET lock_timeout = 0;
SET idle_in_transaction_session_timeout = 0;
SET client_encoding = 'UTF8';
SET standard_conforming_strings = on;
SELECT pg_catalog.set_config('search_path', '', false);
SET check_function_bodies = false;
SET xmloption = content;
SET client_min_messages = warning;
SET row_security = off;

SET default_tablespace = '';

SET default_table_access_method = heap;

--
-- Name: antifraude_fraud_alert; Type: TABLE; Schema: public; Owner: postgres
--

CREATE TABLE public.antifraude_fraud_alert (
    id bigint NOT NULL,
    tipo_alerta character varying(40) NOT NULL,
    severidad character varying(10) NOT NULL,
    descripcion text NOT NULL,
    estado character varying(15) NOT NULL,
    metadata jsonb NOT NULL,
    fecha_creacion timestamp with time zone NOT NULL,
    fecha_actualizacion timestamp with time zone NOT NULL,
    bet_id bigint,
    usuario_id integer NOT NULL
);


ALTER TABLE public.antifraude_fraud_alert OWNER TO postgres;

--
-- Name: antifraude_fraud_alert_id_seq; Type: SEQUENCE; Schema: public; Owner: postgres
--

ALTER TABLE public.antifraude_fraud_alert ALTER COLUMN id ADD GENERATED BY DEFAULT AS IDENTITY (
    SEQUENCE NAME public.antifraude_fraud_alert_id_seq
    START WITH 1
    INCREMENT BY 1
    NO MINVALUE
    NO MAXVALUE
    CACHE 1
);


--
-- Name: apuestas_bet; Type: TABLE; Schema: public; Owner: postgres
--

CREATE TABLE public.apuestas_bet (
    id bigint NOT NULL,
    tipo character varying(20) NOT NULL,
    estado character varying(20) NOT NULL,
    stake numeric(18,4) NOT NULL,
    odds_total numeric(18,4) NOT NULL,
    payout_potencial numeric(18,4) NOT NULL,
    payout_final numeric(18,4),
    idempotency_key character varying(120),
    ip_origen inet,
    aceptada_en timestamp with time zone,
    liquidada_en timestamp with time zone,
    fecha_creacion timestamp with time zone NOT NULL,
    fecha_actualizacion timestamp with time zone NOT NULL,
    usuario_id integer NOT NULL,
    CONSTRAINT bet_odds_total_mayor_que_uno CHECK ((odds_total > (1)::numeric)),
    CONSTRAINT bet_payout_potencial_no_negativo CHECK ((payout_potencial >= (0)::numeric)),
    CONSTRAINT bet_stake_mayor_que_cero CHECK ((stake > (0)::numeric))
);


ALTER TABLE public.apuestas_bet OWNER TO postgres;

--
-- Name: apuestas_bet_id_seq; Type: SEQUENCE; Schema: public; Owner: postgres
--

ALTER TABLE public.apuestas_bet ALTER COLUMN id ADD GENERATED BY DEFAULT AS IDENTITY (
    SEQUENCE NAME public.apuestas_bet_id_seq
    START WITH 1
    INCREMENT BY 1
    NO MINVALUE
    NO MAXVALUE
    CACHE 1
);


--
-- Name: apuestas_bet_selection; Type: TABLE; Schema: public; Owner: postgres
--

CREATE TABLE public.apuestas_bet_selection (
    id bigint NOT NULL,
    odd_valor_tomado numeric(18,4) NOT NULL,
    resultado character varying(20) NOT NULL,
    fecha_creacion timestamp with time zone NOT NULL,
    bet_id bigint NOT NULL,
    odd_id bigint NOT NULL,
    seleccion_id bigint NOT NULL,
    CONSTRAINT bet_selection_odd_valor_mayor_que_uno CHECK ((odd_valor_tomado > (1)::numeric))
);


ALTER TABLE public.apuestas_bet_selection OWNER TO postgres;

--
-- Name: apuestas_bet_selection_id_seq; Type: SEQUENCE; Schema: public; Owner: postgres
--

ALTER TABLE public.apuestas_bet_selection ALTER COLUMN id ADD GENERATED BY DEFAULT AS IDENTITY (
    SEQUENCE NAME public.apuestas_bet_selection_id_seq
    START WITH 1
    INCREMENT BY 1
    NO MINVALUE
    NO MAXVALUE
    CACHE 1
);


--
-- Name: auditoria_audit_log; Type: TABLE; Schema: public; Owner: postgres
--

CREATE TABLE public.auditoria_audit_log (
    id bigint NOT NULL,
    tipo_evento character varying(40) NOT NULL,
    entidad character varying(80) NOT NULL,
    entidad_id character varying(80) NOT NULL,
    accion character varying(80) NOT NULL,
    payload jsonb NOT NULL,
    previous_hash character varying(64),
    current_hash character varying(64) NOT NULL,
    ip_origen inet,
    user_agent text,
    fecha_creacion timestamp with time zone NOT NULL,
    creado_por_id integer
);


ALTER TABLE public.auditoria_audit_log OWNER TO postgres;

--
-- Name: auditoria_audit_log_id_seq; Type: SEQUENCE; Schema: public; Owner: postgres
--

ALTER TABLE public.auditoria_audit_log ALTER COLUMN id ADD GENERATED BY DEFAULT AS IDENTITY (
    SEQUENCE NAME public.auditoria_audit_log_id_seq
    START WITH 1
    INCREMENT BY 1
    NO MINVALUE
    NO MAXVALUE
    CACHE 1
);


--
-- Name: auditoria_integrity_check; Type: TABLE; Schema: public; Owner: postgres
--

CREATE TABLE public.auditoria_integrity_check (
    id bigint NOT NULL,
    es_valida boolean NOT NULL,
    total_registros integer NOT NULL,
    errores_detectados jsonb,
    fecha_ejecucion timestamp with time zone NOT NULL,
    ejecutado_por_id integer,
    CONSTRAINT auditoria_integrity_check_total_registros_check CHECK ((total_registros >= 0))
);


ALTER TABLE public.auditoria_integrity_check OWNER TO postgres;

--
-- Name: auditoria_integrity_check_id_seq; Type: SEQUENCE; Schema: public; Owner: postgres
--

ALTER TABLE public.auditoria_integrity_check ALTER COLUMN id ADD GENERATED BY DEFAULT AS IDENTITY (
    SEQUENCE NAME public.auditoria_integrity_check_id_seq
    START WITH 1
    INCREMENT BY 1
    NO MINVALUE
    NO MAXVALUE
    CACHE 1
);


--
-- Name: auth_group; Type: TABLE; Schema: public; Owner: postgres
--

CREATE TABLE public.auth_group (
    id integer NOT NULL,
    name character varying(150) NOT NULL
);


ALTER TABLE public.auth_group OWNER TO postgres;

--
-- Name: auth_group_id_seq; Type: SEQUENCE; Schema: public; Owner: postgres
--

ALTER TABLE public.auth_group ALTER COLUMN id ADD GENERATED BY DEFAULT AS IDENTITY (
    SEQUENCE NAME public.auth_group_id_seq
    START WITH 1
    INCREMENT BY 1
    NO MINVALUE
    NO MAXVALUE
    CACHE 1
);


--
-- Name: auth_group_permissions; Type: TABLE; Schema: public; Owner: postgres
--

CREATE TABLE public.auth_group_permissions (
    id bigint NOT NULL,
    group_id integer NOT NULL,
    permission_id integer NOT NULL
);


ALTER TABLE public.auth_group_permissions OWNER TO postgres;

--
-- Name: auth_group_permissions_id_seq; Type: SEQUENCE; Schema: public; Owner: postgres
--

ALTER TABLE public.auth_group_permissions ALTER COLUMN id ADD GENERATED BY DEFAULT AS IDENTITY (
    SEQUENCE NAME public.auth_group_permissions_id_seq
    START WITH 1
    INCREMENT BY 1
    NO MINVALUE
    NO MAXVALUE
    CACHE 1
);


--
-- Name: auth_permission; Type: TABLE; Schema: public; Owner: postgres
--

CREATE TABLE public.auth_permission (
    id integer NOT NULL,
    name character varying(255) NOT NULL,
    content_type_id integer NOT NULL,
    codename character varying(100) NOT NULL
);


ALTER TABLE public.auth_permission OWNER TO postgres;

--
-- Name: auth_permission_id_seq; Type: SEQUENCE; Schema: public; Owner: postgres
--

ALTER TABLE public.auth_permission ALTER COLUMN id ADD GENERATED BY DEFAULT AS IDENTITY (
    SEQUENCE NAME public.auth_permission_id_seq
    START WITH 1
    INCREMENT BY 1
    NO MINVALUE
    NO MAXVALUE
    CACHE 1
);


--
-- Name: auth_user; Type: TABLE; Schema: public; Owner: postgres
--

CREATE TABLE public.auth_user (
    id integer NOT NULL,
    password character varying(128) NOT NULL,
    last_login timestamp with time zone,
    is_superuser boolean NOT NULL,
    username character varying(150) NOT NULL,
    first_name character varying(150) NOT NULL,
    last_name character varying(150) NOT NULL,
    email character varying(254) NOT NULL,
    is_staff boolean NOT NULL,
    is_active boolean NOT NULL,
    date_joined timestamp with time zone NOT NULL
);


ALTER TABLE public.auth_user OWNER TO postgres;

--
-- Name: auth_user_groups; Type: TABLE; Schema: public; Owner: postgres
--

CREATE TABLE public.auth_user_groups (
    id bigint NOT NULL,
    user_id integer NOT NULL,
    group_id integer NOT NULL
);


ALTER TABLE public.auth_user_groups OWNER TO postgres;

--
-- Name: auth_user_groups_id_seq; Type: SEQUENCE; Schema: public; Owner: postgres
--

ALTER TABLE public.auth_user_groups ALTER COLUMN id ADD GENERATED BY DEFAULT AS IDENTITY (
    SEQUENCE NAME public.auth_user_groups_id_seq
    START WITH 1
    INCREMENT BY 1
    NO MINVALUE
    NO MAXVALUE
    CACHE 1
);


--
-- Name: auth_user_id_seq; Type: SEQUENCE; Schema: public; Owner: postgres
--

ALTER TABLE public.auth_user ALTER COLUMN id ADD GENERATED BY DEFAULT AS IDENTITY (
    SEQUENCE NAME public.auth_user_id_seq
    START WITH 1
    INCREMENT BY 1
    NO MINVALUE
    NO MAXVALUE
    CACHE 1
);


--
-- Name: auth_user_user_permissions; Type: TABLE; Schema: public; Owner: postgres
--

CREATE TABLE public.auth_user_user_permissions (
    id bigint NOT NULL,
    user_id integer NOT NULL,
    permission_id integer NOT NULL
);


ALTER TABLE public.auth_user_user_permissions OWNER TO postgres;

--
-- Name: auth_user_user_permissions_id_seq; Type: SEQUENCE; Schema: public; Owner: postgres
--

ALTER TABLE public.auth_user_user_permissions ALTER COLUMN id ADD GENERATED BY DEFAULT AS IDENTITY (
    SEQUENCE NAME public.auth_user_user_permissions_id_seq
    START WITH 1
    INCREMENT BY 1
    NO MINVALUE
    NO MAXVALUE
    CACHE 1
);


--
-- Name: billetera_account; Type: TABLE; Schema: public; Owner: postgres
--

CREATE TABLE public.billetera_account (
    id bigint NOT NULL,
    tipo character varying(40) NOT NULL,
    nombre character varying(120) NOT NULL,
    activa boolean NOT NULL,
    fecha_creacion timestamp with time zone NOT NULL,
    fecha_actualizacion timestamp with time zone NOT NULL,
    usuario_id integer
);


ALTER TABLE public.billetera_account OWNER TO postgres;

--
-- Name: billetera_account_id_seq; Type: SEQUENCE; Schema: public; Owner: postgres
--

ALTER TABLE public.billetera_account ALTER COLUMN id ADD GENERATED BY DEFAULT AS IDENTITY (
    SEQUENCE NAME public.billetera_account_id_seq
    START WITH 1
    INCREMENT BY 1
    NO MINVALUE
    NO MAXVALUE
    CACHE 1
);


--
-- Name: billetera_ledger_entry; Type: TABLE; Schema: public; Owner: postgres
--

CREATE TABLE public.billetera_ledger_entry (
    id bigint NOT NULL,
    amount numeric(18,4) NOT NULL,
    direction character varying(10) NOT NULL,
    descripcion text,
    fecha_creacion timestamp with time zone NOT NULL,
    account_id bigint NOT NULL,
    transaction_id bigint NOT NULL,
    CONSTRAINT ledger_entry_amount_gt_zero CHECK ((amount > (0)::numeric))
);


ALTER TABLE public.billetera_ledger_entry OWNER TO postgres;

--
-- Name: billetera_ledger_entry_id_seq; Type: SEQUENCE; Schema: public; Owner: postgres
--

ALTER TABLE public.billetera_ledger_entry ALTER COLUMN id ADD GENERATED BY DEFAULT AS IDENTITY (
    SEQUENCE NAME public.billetera_ledger_entry_id_seq
    START WITH 1
    INCREMENT BY 1
    NO MINVALUE
    NO MAXVALUE
    CACHE 1
);


--
-- Name: billetera_ledger_transaction; Type: TABLE; Schema: public; Owner: postgres
--

CREATE TABLE public.billetera_ledger_transaction (
    id bigint NOT NULL,
    tipo character varying(40) NOT NULL,
    referencia character varying(120),
    idempotency_key character varying(120),
    descripcion text,
    fecha_creacion timestamp with time zone NOT NULL,
    creado_por_id integer
);


ALTER TABLE public.billetera_ledger_transaction OWNER TO postgres;

--
-- Name: billetera_ledger_transaction_id_seq; Type: SEQUENCE; Schema: public; Owner: postgres
--

ALTER TABLE public.billetera_ledger_transaction ALTER COLUMN id ADD GENERATED BY DEFAULT AS IDENTITY (
    SEQUENCE NAME public.billetera_ledger_transaction_id_seq
    START WITH 1
    INCREMENT BY 1
    NO MINVALUE
    NO MAXVALUE
    CACHE 1
);


--
-- Name: cuotas_odd; Type: TABLE; Schema: public; Owner: postgres
--

CREATE TABLE public.cuotas_odd (
    id bigint NOT NULL,
    valor numeric(18,4) NOT NULL,
    margen_operador numeric(18,4) NOT NULL,
    activa boolean NOT NULL,
    suspendida boolean NOT NULL,
    fecha_creacion timestamp with time zone NOT NULL,
    fecha_actualizacion timestamp with time zone NOT NULL,
    actualizada_por_id integer,
    seleccion_id bigint NOT NULL,
    CONSTRAINT odd_margen_operador_no_negativo CHECK ((margen_operador >= (0)::numeric)),
    CONSTRAINT odd_valor_mayor_que_uno CHECK ((valor > (1)::numeric))
);


ALTER TABLE public.cuotas_odd OWNER TO postgres;

--
-- Name: cuotas_odd_history; Type: TABLE; Schema: public; Owner: postgres
--

CREATE TABLE public.cuotas_odd_history (
    id bigint NOT NULL,
    valor_anterior numeric(18,4) NOT NULL,
    valor_nuevo numeric(18,4) NOT NULL,
    margen_operador numeric(18,4) NOT NULL,
    motivo character varying(180),
    fecha_cambio timestamp with time zone NOT NULL,
    cambiado_por_id integer,
    odd_id bigint NOT NULL,
    CONSTRAINT odd_history_valor_anterior_mayor_que_uno CHECK ((valor_anterior > (1)::numeric)),
    CONSTRAINT odd_history_valor_nuevo_mayor_que_uno CHECK ((valor_nuevo > (1)::numeric))
);


ALTER TABLE public.cuotas_odd_history OWNER TO postgres;

--
-- Name: cuotas_odd_history_id_seq; Type: SEQUENCE; Schema: public; Owner: postgres
--

ALTER TABLE public.cuotas_odd_history ALTER COLUMN id ADD GENERATED BY DEFAULT AS IDENTITY (
    SEQUENCE NAME public.cuotas_odd_history_id_seq
    START WITH 1
    INCREMENT BY 1
    NO MINVALUE
    NO MAXVALUE
    CACHE 1
);


--
-- Name: cuotas_odd_id_seq; Type: SEQUENCE; Schema: public; Owner: postgres
--

ALTER TABLE public.cuotas_odd ALTER COLUMN id ADD GENERATED BY DEFAULT AS IDENTITY (
    SEQUENCE NAME public.cuotas_odd_id_seq
    START WITH 1
    INCREMENT BY 1
    NO MINVALUE
    NO MAXVALUE
    CACHE 1
);


--
-- Name: django_admin_log; Type: TABLE; Schema: public; Owner: postgres
--

CREATE TABLE public.django_admin_log (
    id integer NOT NULL,
    action_time timestamp with time zone NOT NULL,
    object_id text,
    object_repr character varying(200) NOT NULL,
    action_flag smallint NOT NULL,
    change_message text NOT NULL,
    content_type_id integer,
    user_id integer NOT NULL,
    CONSTRAINT django_admin_log_action_flag_check CHECK ((action_flag >= 0))
);


ALTER TABLE public.django_admin_log OWNER TO postgres;

--
-- Name: django_admin_log_id_seq; Type: SEQUENCE; Schema: public; Owner: postgres
--

ALTER TABLE public.django_admin_log ALTER COLUMN id ADD GENERATED BY DEFAULT AS IDENTITY (
    SEQUENCE NAME public.django_admin_log_id_seq
    START WITH 1
    INCREMENT BY 1
    NO MINVALUE
    NO MAXVALUE
    CACHE 1
);


--
-- Name: django_content_type; Type: TABLE; Schema: public; Owner: postgres
--

CREATE TABLE public.django_content_type (
    id integer NOT NULL,
    app_label character varying(100) NOT NULL,
    model character varying(100) NOT NULL
);


ALTER TABLE public.django_content_type OWNER TO postgres;

--
-- Name: django_content_type_id_seq; Type: SEQUENCE; Schema: public; Owner: postgres
--

ALTER TABLE public.django_content_type ALTER COLUMN id ADD GENERATED BY DEFAULT AS IDENTITY (
    SEQUENCE NAME public.django_content_type_id_seq
    START WITH 1
    INCREMENT BY 1
    NO MINVALUE
    NO MAXVALUE
    CACHE 1
);


--
-- Name: django_migrations; Type: TABLE; Schema: public; Owner: postgres
--

CREATE TABLE public.django_migrations (
    id bigint NOT NULL,
    app character varying(255) NOT NULL,
    name character varying(255) NOT NULL,
    applied timestamp with time zone NOT NULL
);


ALTER TABLE public.django_migrations OWNER TO postgres;

--
-- Name: django_migrations_id_seq; Type: SEQUENCE; Schema: public; Owner: postgres
--

ALTER TABLE public.django_migrations ALTER COLUMN id ADD GENERATED BY DEFAULT AS IDENTITY (
    SEQUENCE NAME public.django_migrations_id_seq
    START WITH 1
    INCREMENT BY 1
    NO MINVALUE
    NO MAXVALUE
    CACHE 1
);


--
-- Name: django_session; Type: TABLE; Schema: public; Owner: postgres
--

CREATE TABLE public.django_session (
    session_key character varying(40) NOT NULL,
    session_data text NOT NULL,
    expire_date timestamp with time zone NOT NULL
);


ALTER TABLE public.django_session OWNER TO postgres;

--
-- Name: eventos_deporte; Type: TABLE; Schema: public; Owner: postgres
--

CREATE TABLE public.eventos_deporte (
    id bigint NOT NULL,
    nombre character varying(80) NOT NULL,
    descripcion text,
    activo boolean NOT NULL,
    fecha_creacion timestamp with time zone NOT NULL,
    fecha_actualizacion timestamp with time zone NOT NULL
);


ALTER TABLE public.eventos_deporte OWNER TO postgres;

--
-- Name: eventos_deporte_id_seq; Type: SEQUENCE; Schema: public; Owner: postgres
--

ALTER TABLE public.eventos_deporte ALTER COLUMN id ADD GENERATED BY DEFAULT AS IDENTITY (
    SEQUENCE NAME public.eventos_deporte_id_seq
    START WITH 1
    INCREMENT BY 1
    NO MINVALUE
    NO MAXVALUE
    CACHE 1
);


--
-- Name: eventos_equipo; Type: TABLE; Schema: public; Owner: postgres
--

CREATE TABLE public.eventos_equipo (
    id bigint NOT NULL,
    nombre character varying(120) NOT NULL,
    abreviatura character varying(10),
    pais character varying(80),
    activo boolean NOT NULL,
    fecha_creacion timestamp with time zone NOT NULL,
    fecha_actualizacion timestamp with time zone NOT NULL,
    deporte_id bigint NOT NULL
);


ALTER TABLE public.eventos_equipo OWNER TO postgres;

--
-- Name: eventos_equipo_id_seq; Type: SEQUENCE; Schema: public; Owner: postgres
--

ALTER TABLE public.eventos_equipo ALTER COLUMN id ADD GENERATED BY DEFAULT AS IDENTITY (
    SEQUENCE NAME public.eventos_equipo_id_seq
    START WITH 1
    INCREMENT BY 1
    NO MINVALUE
    NO MAXVALUE
    CACHE 1
);


--
-- Name: eventos_evento; Type: TABLE; Schema: public; Owner: postgres
--

CREATE TABLE public.eventos_evento (
    id bigint NOT NULL,
    nombre character varying(180) NOT NULL,
    estado character varying(20) NOT NULL,
    fecha_inicio timestamp with time zone NOT NULL,
    fecha_fin timestamp with time zone,
    marcador_local integer,
    marcador_visitante integer,
    activo boolean NOT NULL,
    fecha_creacion timestamp with time zone NOT NULL,
    fecha_actualizacion timestamp with time zone NOT NULL,
    deporte_id bigint NOT NULL,
    equipo_local_id bigint NOT NULL,
    equipo_visitante_id bigint NOT NULL,
    liga_id bigint,
    CONSTRAINT evento_equipos_diferentes CHECK ((NOT (equipo_local_id = equipo_visitante_id))),
    CONSTRAINT eventos_evento_marcador_local_check CHECK ((marcador_local >= 0)),
    CONSTRAINT eventos_evento_marcador_visitante_check CHECK ((marcador_visitante >= 0))
);


ALTER TABLE public.eventos_evento OWNER TO postgres;

--
-- Name: eventos_evento_id_seq; Type: SEQUENCE; Schema: public; Owner: postgres
--

ALTER TABLE public.eventos_evento ALTER COLUMN id ADD GENERATED BY DEFAULT AS IDENTITY (
    SEQUENCE NAME public.eventos_evento_id_seq
    START WITH 1
    INCREMENT BY 1
    NO MINVALUE
    NO MAXVALUE
    CACHE 1
);


--
-- Name: eventos_liga; Type: TABLE; Schema: public; Owner: postgres
--

CREATE TABLE public.eventos_liga (
    id bigint NOT NULL,
    nombre character varying(120) NOT NULL,
    pais character varying(80) NOT NULL,
    activa boolean NOT NULL,
    fecha_creacion timestamp with time zone NOT NULL,
    fecha_actualizacion timestamp with time zone NOT NULL,
    deporte_id bigint NOT NULL
);


ALTER TABLE public.eventos_liga OWNER TO postgres;

--
-- Name: eventos_liga_id_seq; Type: SEQUENCE; Schema: public; Owner: postgres
--

ALTER TABLE public.eventos_liga ALTER COLUMN id ADD GENERATED BY DEFAULT AS IDENTITY (
    SEQUENCE NAME public.eventos_liga_id_seq
    START WITH 1
    INCREMENT BY 1
    NO MINVALUE
    NO MAXVALUE
    CACHE 1
);


--
-- Name: eventos_resultado; Type: TABLE; Schema: public; Owner: postgres
--

CREATE TABLE public.eventos_resultado (
    id bigint NOT NULL,
    marcador_local integer NOT NULL,
    marcador_visitante integer NOT NULL,
    resultado_1x2 character varying(20) NOT NULL,
    fecha_registro timestamp with time zone NOT NULL,
    evento_id bigint NOT NULL,
    registrado_por_id integer,
    CONSTRAINT eventos_resultado_marcador_local_check CHECK ((marcador_local >= 0)),
    CONSTRAINT eventos_resultado_marcador_visitante_check CHECK ((marcador_visitante >= 0))
);


ALTER TABLE public.eventos_resultado OWNER TO postgres;

--
-- Name: eventos_resultado_id_seq; Type: SEQUENCE; Schema: public; Owner: postgres
--

ALTER TABLE public.eventos_resultado ALTER COLUMN id ADD GENERATED BY DEFAULT AS IDENTITY (
    SEQUENCE NAME public.eventos_resultado_id_seq
    START WITH 1
    INCREMENT BY 1
    NO MINVALUE
    NO MAXVALUE
    CACHE 1
);


--
-- Name: juego_responsable_autoexclusion; Type: TABLE; Schema: public; Owner: postgres
--

CREATE TABLE public.juego_responsable_autoexclusion (
    id bigint NOT NULL,
    estado character varying(20) NOT NULL,
    duracion character varying(20) NOT NULL,
    fecha_inicio timestamp with time zone NOT NULL,
    fecha_fin timestamp with time zone,
    motivo text,
    fecha_creacion timestamp with time zone NOT NULL,
    fecha_actualizacion timestamp with time zone NOT NULL,
    creada_por_id integer,
    usuario_id integer NOT NULL
);


ALTER TABLE public.juego_responsable_autoexclusion OWNER TO postgres;

--
-- Name: juego_responsable_autoexclusion_id_seq; Type: SEQUENCE; Schema: public; Owner: postgres
--

ALTER TABLE public.juego_responsable_autoexclusion ALTER COLUMN id ADD GENERATED BY DEFAULT AS IDENTITY (
    SEQUENCE NAME public.juego_responsable_autoexclusion_id_seq
    START WITH 1
    INCREMENT BY 1
    NO MINVALUE
    NO MAXVALUE
    CACHE 1
);


--
-- Name: juego_responsable_limite_deposito; Type: TABLE; Schema: public; Owner: postgres
--

CREATE TABLE public.juego_responsable_limite_deposito (
    id bigint NOT NULL,
    limite_diario numeric(18,4) NOT NULL,
    limite_semanal numeric(18,4) NOT NULL,
    limite_mensual numeric(18,4) NOT NULL,
    cambio_pendiente_diario numeric(18,4),
    cambio_pendiente_semanal numeric(18,4),
    cambio_pendiente_mensual numeric(18,4),
    aplicar_cambio_en timestamp with time zone,
    fecha_creacion timestamp with time zone NOT NULL,
    fecha_actualizacion timestamp with time zone NOT NULL,
    usuario_id integer NOT NULL,
    CONSTRAINT limite_diario_no_negativo CHECK ((limite_diario >= (0)::numeric)),
    CONSTRAINT limite_mensual_no_negativo CHECK ((limite_mensual >= (0)::numeric)),
    CONSTRAINT limite_semanal_no_negativo CHECK ((limite_semanal >= (0)::numeric))
);


ALTER TABLE public.juego_responsable_limite_deposito OWNER TO postgres;

--
-- Name: juego_responsable_limite_deposito_id_seq; Type: SEQUENCE; Schema: public; Owner: postgres
--

ALTER TABLE public.juego_responsable_limite_deposito ALTER COLUMN id ADD GENERATED BY DEFAULT AS IDENTITY (
    SEQUENCE NAME public.juego_responsable_limite_deposito_id_seq
    START WITH 1
    INCREMENT BY 1
    NO MINVALUE
    NO MAXVALUE
    CACHE 1
);


--
-- Name: juego_responsable_mensaje; Type: TABLE; Schema: public; Owner: postgres
--

CREATE TABLE public.juego_responsable_mensaje (
    id bigint NOT NULL,
    titulo character varying(120) NOT NULL,
    mensaje text NOT NULL,
    activo boolean NOT NULL,
    ubicacion character varying(80) NOT NULL,
    fecha_creacion timestamp with time zone NOT NULL,
    fecha_actualizacion timestamp with time zone NOT NULL
);


ALTER TABLE public.juego_responsable_mensaje OWNER TO postgres;

--
-- Name: juego_responsable_mensaje_id_seq; Type: SEQUENCE; Schema: public; Owner: postgres
--

ALTER TABLE public.juego_responsable_mensaje ALTER COLUMN id ADD GENERATED BY DEFAULT AS IDENTITY (
    SEQUENCE NAME public.juego_responsable_mensaje_id_seq
    START WITH 1
    INCREMENT BY 1
    NO MINVALUE
    NO MAXVALUE
    CACHE 1
);


--
-- Name: mercados_mercado; Type: TABLE; Schema: public; Owner: postgres
--

CREATE TABLE public.mercados_mercado (
    id bigint NOT NULL,
    tipo character varying(30) NOT NULL,
    nombre character varying(120) NOT NULL,
    descripcion text,
    activo boolean NOT NULL,
    suspendido boolean NOT NULL,
    fecha_creacion timestamp with time zone NOT NULL,
    fecha_actualizacion timestamp with time zone NOT NULL,
    evento_id bigint NOT NULL
);


ALTER TABLE public.mercados_mercado OWNER TO postgres;

--
-- Name: mercados_mercado_id_seq; Type: SEQUENCE; Schema: public; Owner: postgres
--

ALTER TABLE public.mercados_mercado ALTER COLUMN id ADD GENERATED BY DEFAULT AS IDENTITY (
    SEQUENCE NAME public.mercados_mercado_id_seq
    START WITH 1
    INCREMENT BY 1
    NO MINVALUE
    NO MAXVALUE
    CACHE 1
);


--
-- Name: mercados_seleccion; Type: TABLE; Schema: public; Owner: postgres
--

CREATE TABLE public.mercados_seleccion (
    id bigint NOT NULL,
    tipo character varying(30) NOT NULL,
    nombre character varying(120) NOT NULL,
    activo boolean NOT NULL,
    fecha_creacion timestamp with time zone NOT NULL,
    fecha_actualizacion timestamp with time zone NOT NULL,
    mercado_id bigint NOT NULL
);


ALTER TABLE public.mercados_seleccion OWNER TO postgres;

--
-- Name: mercados_seleccion_id_seq; Type: SEQUENCE; Schema: public; Owner: postgres
--

ALTER TABLE public.mercados_seleccion ALTER COLUMN id ADD GENERATED BY DEFAULT AS IDENTITY (
    SEQUENCE NAME public.mercados_seleccion_id_seq
    START WITH 1
    INCREMENT BY 1
    NO MINVALUE
    NO MAXVALUE
    CACHE 1
);


--
-- Name: usuarios_kyc; Type: TABLE; Schema: public; Owner: postgres
--

CREATE TABLE public.usuarios_kyc (
    id bigint NOT NULL,
    dni_verificado boolean NOT NULL,
    mayor_edad_verificado boolean NOT NULL,
    observacion text,
    fecha_verificacion timestamp with time zone,
    fecha_creacion timestamp with time zone NOT NULL,
    fecha_actualizacion timestamp with time zone NOT NULL,
    perfil_id bigint NOT NULL,
    verificado_por_id integer
);


ALTER TABLE public.usuarios_kyc OWNER TO postgres;

--
-- Name: usuarios_kyc_id_seq; Type: SEQUENCE; Schema: public; Owner: postgres
--

ALTER TABLE public.usuarios_kyc ALTER COLUMN id ADD GENERATED BY DEFAULT AS IDENTITY (
    SEQUENCE NAME public.usuarios_kyc_id_seq
    START WITH 1
    INCREMENT BY 1
    NO MINVALUE
    NO MAXVALUE
    CACHE 1
);


--
-- Name: usuarios_perfil; Type: TABLE; Schema: public; Owner: postgres
--

CREATE TABLE public.usuarios_perfil (
    id bigint NOT NULL,
    dni character varying(12) NOT NULL,
    nombres character varying(100) NOT NULL,
    apellidos character varying(100) NOT NULL,
    fecha_nacimiento date NOT NULL,
    telefono character varying(20),
    direccion text,
    estado_cuenta character varying(30) NOT NULL,
    fecha_registro timestamp with time zone NOT NULL,
    fecha_actualizacion timestamp with time zone NOT NULL,
    usuario_id integer NOT NULL
);


ALTER TABLE public.usuarios_perfil OWNER TO postgres;

--
-- Name: usuarios_perfil_id_seq; Type: SEQUENCE; Schema: public; Owner: postgres
--

ALTER TABLE public.usuarios_perfil ALTER COLUMN id ADD GENERATED BY DEFAULT AS IDENTITY (
    SEQUENCE NAME public.usuarios_perfil_id_seq
    START WITH 1
    INCREMENT BY 1
    NO MINVALUE
    NO MAXVALUE
    CACHE 1
);


--
-- Data for Name: antifraude_fraud_alert; Type: TABLE DATA; Schema: public; Owner: postgres
--

COPY public.antifraude_fraud_alert (id, tipo_alerta, severidad, descripcion, estado, metadata, fecha_creacion, fecha_actualizacion, bet_id, usuario_id) FROM stdin;
\.


--
-- Data for Name: apuestas_bet; Type: TABLE DATA; Schema: public; Owner: postgres
--

COPY public.apuestas_bet (id, tipo, estado, stake, odds_total, payout_potencial, payout_final, idempotency_key, ip_origen, aceptada_en, liquidada_en, fecha_creacion, fecha_actualizacion, usuario_id) FROM stdin;
1	simple	won	10.0000	2.5000	25.0000	25.0000	apuesta-admin-001	127.0.0.1	2026-05-24 07:19:37.988342+00	2026-05-26 05:52:07.135386+00	2026-05-24 07:19:37.988741+00	2026-05-26 05:52:07.137406+00	1
3	simple	void	10.0000	2.5000	25.0000	10.0000	apuesta-admin-003	127.0.0.1	2026-05-26 05:53:11.718855+00	2026-05-26 05:53:42.229749+00	2026-05-26 05:53:11.718959+00	2026-05-26 05:53:42.230542+00	1
2	simple	lost	10.0000	2.5000	25.0000	0.0000	apuesta-admin-002	127.0.0.1	2026-05-26 05:52:49.973897+00	2026-05-26 05:54:30.553507+00	2026-05-26 05:52:49.974085+00	2026-05-26 05:54:30.554326+00	1
4	simple	won	10.0000	2.5000	25.0000	25.0000	apuesta-admin-004	127.0.0.1	2026-05-26 06:00:32.029807+00	2026-05-26 06:00:53.467785+00	2026-05-26 06:00:32.030058+00	2026-05-26 06:00:53.469152+00	1
6	simple	won	10.0000	2.5000	25.0000	25.0000	apuesta-auditoria-001	127.0.0.1	2026-05-26 06:39:07.065836+00	2026-05-26 06:39:34.185561+00	2026-05-26 06:39:07.066105+00	2026-05-26 06:39:34.186419+00	1
5	simple	won	10.0000	2.5000	25.0000	25.0000	apuesta-autoexclusion-test-001	127.0.0.1	2026-05-26 06:23:55.886065+00	2026-05-27 20:54:53.521703+00	2026-05-26 06:23:55.886238+00	2026-05-27 20:54:53.524111+00	1
\.


--
-- Data for Name: apuestas_bet_selection; Type: TABLE DATA; Schema: public; Owner: postgres
--

COPY public.apuestas_bet_selection (id, odd_valor_tomado, resultado, fecha_creacion, bet_id, odd_id, seleccion_id) FROM stdin;
1	2.5000	ganada	2026-05-24 07:19:37.991048+00	1	1	1
3	2.5000	anulada	2026-05-26 05:53:11.719876+00	3	1	1
2	2.5000	perdida	2026-05-26 05:52:49.976092+00	2	1	1
4	2.5000	ganada	2026-05-26 06:00:32.031233+00	4	1	1
6	2.5000	ganada	2026-05-26 06:39:07.067192+00	6	1	1
5	2.5000	ganada	2026-05-26 06:23:55.887182+00	5	1	1
\.


--
-- Data for Name: auditoria_audit_log; Type: TABLE DATA; Schema: public; Owner: postgres
--

COPY public.auditoria_audit_log (id, tipo_evento, entidad, entidad_id, accion, payload, previous_hash, current_hash, ip_origen, user_agent, fecha_creacion, creado_por_id) FROM stdin;
1	wallet_movement	LedgerTransaction	12	created	{"tipo": "bloqueo_apuesta", "entries": [{"amount": "10.0000", "direction": "CREDIT", "account_id": 4, "descripcion": "Bloqueo de fondos por apuesta aceptada", "account_nombre": "Cuenta apuestas pendientes"}, {"amount": "10.0000", "direction": "DEBIT", "account_id": 3, "descripcion": "Bloqueo de fondos por apuesta aceptada", "account_nombre": "Wallet admin"}], "referencia": "bloqueo_apuesta_usuario_1", "descripcion": "Bloqueo de fondos por apuesta aceptada", "fecha_creacion": "2026-05-26 06:39:07.055775+00:00", "transaction_id": 12, "idempotency_key": "bloqueo-apuesta-auditoria-001"}	\N	35b88961df587a18a94a43fd631491b993b68f1984016f6e4b79749073463406	\N	\N	2026-05-26 06:39:07.063336+00	1
2	bet_created	Bet	6	created	{"tipo": "simple", "stake": "10.0000", "bet_id": 6, "estado": "accepted", "ip_origen": "127.0.0.1", "odds_total": "2.5000", "usuario_id": 1, "aceptada_en": "2026-05-26 06:39:07.065836+00:00", "selecciones": [{"odd_id": 1, "resultado": "pendiente", "seleccion_id": 1, "odd_valor_tomado": "2.5000", "seleccion_nombre": "Gana Per├║"}], "idempotency_key": "apuesta-auditoria-001", "payout_potencial": "25.0000"}	35b88961df587a18a94a43fd631491b993b68f1984016f6e4b79749073463406	269291622af9cf25e0fd4e2a4ed65294621dabd95d841f8918a932c1f6df8ecd	127.0.0.1	\N	2026-05-26 06:39:07.073665+00	1
3	wallet_movement	LedgerTransaction	13	created	{"tipo": "liquidacion_apuesta", "entries": [{"amount": "25.0000", "direction": "CREDIT", "account_id": 3, "descripcion": "Liquidaci├│n de apuesta ganadora", "account_nombre": "Wallet admin"}, {"amount": "15.0000", "direction": "DEBIT", "account_id": 1, "descripcion": "Pago de ganancia de apuesta ganadora", "account_nombre": "Cuenta casa"}, {"amount": "10.0000", "direction": "DEBIT", "account_id": 4, "descripcion": "Devoluci├│n del stake bloqueado por apuesta ganadora", "account_nombre": "Cuenta apuestas pendientes"}], "referencia": "liquidacion_apuesta_6", "descripcion": "Liquidaci├│n de apuesta ganadora", "fecha_creacion": "2026-05-26 06:39:34.174054+00:00", "transaction_id": 13, "idempotency_key": "liquidacion-auditoria-001"}	269291622af9cf25e0fd4e2a4ed65294621dabd95d841f8918a932c1f6df8ecd	d03f2688dc1d96b872d60ee93c84fce098478f25c96a037ff9e00365b4ef5965	\N	\N	2026-05-26 06:39:34.184412+00	\N
4	bet_settled	Bet	6	won	{"stake": "10.0000", "bet_id": 6, "estado": "won", "odds_total": "2.5000", "usuario_id": 1, "liquidada_en": "2026-05-26 06:39:34.185561+00:00", "payout_final": "25.0000", "payout_potencial": "25.0000"}	d03f2688dc1d96b872d60ee93c84fce098478f25c96a037ff9e00365b4ef5965	d7f6806347f5eb2a53d70d80c020662e0d3a00660690fc89ed580b8487976c9c	\N	\N	2026-05-26 06:39:34.190165+00	\N
5	wallet_movement	LedgerTransaction	14	created	{"tipo": "recarga", "entries": [{"amount": "1.0000", "direction": "CREDIT", "account_id": 5, "descripcion": "Recarga simulada de fichas virtuales", "account_nombre": "Wallet cliente demo"}, {"amount": "1.0000", "direction": "DEBIT", "account_id": 1, "descripcion": "Recarga simulada de fichas virtuales", "account_nombre": "Cuenta casa"}], "referencia": "recarga_usuario_4", "descripcion": "Recarga simulada de fichas virtuales", "fecha_creacion": "2026-05-27 06:36:03.813430+00:00", "transaction_id": 14, "idempotency_key": "test-header-recarga-13"}	d7f6806347f5eb2a53d70d80c020662e0d3a00660690fc89ed580b8487976c9c	1405b471d1e5300a4884358158f57d58e84430ccd9520dd43c1b3909a55e6eb3	\N	\N	2026-05-27 06:36:03.833165+00	\N
6	wallet_movement	LedgerTransaction	15	created	{"tipo": "liquidacion_apuesta", "entries": [{"amount": "25.0000", "direction": "CREDIT", "account_id": 3, "descripcion": "Liquidaci├│n de apuesta ganadora", "account_nombre": "Wallet admin"}, {"amount": "15.0000", "direction": "DEBIT", "account_id": 1, "descripcion": "Pago de ganancia de apuesta ganadora", "account_nombre": "Cuenta casa"}, {"amount": "10.0000", "direction": "DEBIT", "account_id": 4, "descripcion": "Devoluci├│n del stake bloqueado por apuesta ganadora", "account_nombre": "Cuenta apuestas pendientes"}], "referencia": "liquidacion_apuesta_5", "descripcion": "Liquidaci├│n de apuesta ganadora", "fecha_creacion": "2026-05-27 20:54:53.486917+00:00", "transaction_id": 15, "idempotency_key": "admin-liq-5-1779915293"}	1405b471d1e5300a4884358158f57d58e84430ccd9520dd43c1b3909a55e6eb3	ca8b88a101ad7a13a8cd25d14375cee9056728c7a2c8524f22673277c2bc9061	\N	\N	2026-05-27 20:54:53.518723+00	3
7	bet_settled	Bet	5	won	{"stake": "10.0000", "bet_id": 5, "estado": "won", "odds_total": "2.5000", "usuario_id": 1, "liquidada_en": "2026-05-27 20:54:53.521703+00:00", "payout_final": "25.0000", "payout_potencial": "25.0000"}	ca8b88a101ad7a13a8cd25d14375cee9056728c7a2c8524f22673277c2bc9061	558d0c1c43a9b6d0799c881899b79547e3088b9603b506c133de65b7766d5d73	\N	\N	2026-05-27 20:54:53.528874+00	3
8	wallet_movement	LedgerTransaction	16	created	{"tipo": "recarga", "entries": [{"amount": "100.0000", "direction": "CREDIT", "account_id": 6, "descripcion": "Recarga simulada de fichas virtuales", "account_nombre": "Wallet de jose"}, {"amount": "100.0000", "direction": "DEBIT", "account_id": 1, "descripcion": "Recarga simulada de fichas virtuales", "account_nombre": "Cuenta casa"}], "referencia": "recarga_usuario_7", "descripcion": "Recarga simulada de fichas virtuales", "fecha_creacion": "2026-05-28 03:16:25.568438+00:00", "transaction_id": 16, "idempotency_key": "recarga-web-1779938185457-i7yzwf"}	558d0c1c43a9b6d0799c881899b79547e3088b9603b506c133de65b7766d5d73	f75e5df54aaa888c20eee417aa32c77bbcd8e237656ee228ef70e35977eccacd	\N	\N	2026-05-28 03:16:25.601148+00	7
9	wallet_movement	LedgerTransaction	17	created	{"tipo": "retiro", "entries": [{"amount": "100.0000", "direction": "CREDIT", "account_id": 1, "descripcion": "Retiro simulado de fichas virtuales", "account_nombre": "Cuenta casa"}, {"amount": "100.0000", "direction": "DEBIT", "account_id": 6, "descripcion": "Retiro simulado de fichas virtuales", "account_nombre": "Wallet de jose"}], "referencia": "retiro_usuario_7", "descripcion": "Retiro simulado de fichas virtuales", "fecha_creacion": "2026-05-28 04:01:41.425632+00:00", "transaction_id": 17, "idempotency_key": "reset-wallet-jose-20260528"}	f75e5df54aaa888c20eee417aa32c77bbcd8e237656ee228ef70e35977eccacd	e4e41794264917a6876ccbc5e963e94343d1f4d1a2a7daa13dc1011272bac8ee	\N	\N	2026-05-28 04:01:41.473066+00	7
\.


--
-- Data for Name: auditoria_integrity_check; Type: TABLE DATA; Schema: public; Owner: postgres
--

COPY public.auditoria_integrity_check (id, es_valida, total_registros, errores_detectados, fecha_ejecucion, ejecutado_por_id) FROM stdin;
\.


--
-- Data for Name: auth_group; Type: TABLE DATA; Schema: public; Owner: postgres
--

COPY public.auth_group (id, name) FROM stdin;
\.


--
-- Data for Name: auth_group_permissions; Type: TABLE DATA; Schema: public; Owner: postgres
--

COPY public.auth_group_permissions (id, group_id, permission_id) FROM stdin;
\.


--
-- Data for Name: auth_permission; Type: TABLE DATA; Schema: public; Owner: postgres
--

COPY public.auth_permission (id, name, content_type_id, codename) FROM stdin;
1	Can add log entry	1	add_logentry
2	Can change log entry	1	change_logentry
3	Can delete log entry	1	delete_logentry
4	Can view log entry	1	view_logentry
5	Can add permission	2	add_permission
6	Can change permission	2	change_permission
7	Can delete permission	2	delete_permission
8	Can view permission	2	view_permission
9	Can add group	3	add_group
10	Can change group	3	change_group
11	Can delete group	3	delete_group
12	Can view group	3	view_group
13	Can add user	4	add_user
14	Can change user	4	change_user
15	Can delete user	4	delete_user
16	Can view user	4	view_user
17	Can add content type	5	add_contenttype
18	Can change content type	5	change_contenttype
19	Can delete content type	5	delete_contenttype
20	Can view content type	5	view_contenttype
21	Can add session	6	add_session
22	Can change session	6	change_session
23	Can delete session	6	delete_session
24	Can view session	6	view_session
25	Can add Perfil de usuario	7	add_perfilusuario
26	Can change Perfil de usuario	7	change_perfilusuario
27	Can delete Perfil de usuario	7	delete_perfilusuario
28	Can view Perfil de usuario	7	view_perfilusuario
29	Can add Verificaci├│n KYC	8	add_verificacionkyc
30	Can change Verificaci├│n KYC	8	change_verificacionkyc
31	Can delete Verificaci├│n KYC	8	delete_verificacionkyc
32	Can view Verificaci├│n KYC	8	view_verificacionkyc
33	Can add Cuenta contable	9	add_account
34	Can change Cuenta contable	9	change_account
35	Can delete Cuenta contable	9	delete_account
36	Can view Cuenta contable	9	view_account
37	Can add Transacci├│n ledger	10	add_ledgertransaction
38	Can change Transacci├│n ledger	10	change_ledgertransaction
39	Can delete Transacci├│n ledger	10	delete_ledgertransaction
40	Can view Transacci├│n ledger	10	view_ledgertransaction
41	Can add Entrada ledger	11	add_ledgerentry
42	Can change Entrada ledger	11	change_ledgerentry
43	Can delete Entrada ledger	11	delete_ledgerentry
44	Can view Entrada ledger	11	view_ledgerentry
45	Can add Deporte	12	add_deporte
46	Can change Deporte	12	change_deporte
47	Can delete Deporte	12	delete_deporte
48	Can view Deporte	12	view_deporte
49	Can add Equipo	13	add_equipo
50	Can change Equipo	13	change_equipo
51	Can delete Equipo	13	delete_equipo
52	Can view Equipo	13	view_equipo
53	Can add Evento deportivo	14	add_evento
54	Can change Evento deportivo	14	change_evento
55	Can delete Evento deportivo	14	delete_evento
56	Can view Evento deportivo	14	view_evento
57	Can add Resultado de evento	15	add_resultadoevento
58	Can change Resultado de evento	15	change_resultadoevento
59	Can delete Resultado de evento	15	delete_resultadoevento
60	Can view Resultado de evento	15	view_resultadoevento
61	Can add Mercado	16	add_mercado
62	Can change Mercado	16	change_mercado
63	Can delete Mercado	16	delete_mercado
64	Can view Mercado	16	view_mercado
65	Can add Selecci├│n de mercado	17	add_seleccionmercado
66	Can change Selecci├│n de mercado	17	change_seleccionmercado
67	Can delete Selecci├│n de mercado	17	delete_seleccionmercado
68	Can view Selecci├│n de mercado	17	view_seleccionmercado
69	Can add Cuota	18	add_odd
70	Can change Cuota	18	change_odd
71	Can delete Cuota	18	delete_odd
72	Can view Cuota	18	view_odd
73	Can add Historial de cuota	19	add_oddhistory
74	Can change Historial de cuota	19	change_oddhistory
75	Can delete Historial de cuota	19	delete_oddhistory
76	Can view Historial de cuota	19	view_oddhistory
77	Can add Apuesta	20	add_bet
78	Can change Apuesta	20	change_bet
79	Can delete Apuesta	20	delete_bet
80	Can view Apuesta	20	view_bet
81	Can add Selecci├│n de apuesta	21	add_betselection
82	Can change Selecci├│n de apuesta	21	change_betselection
83	Can delete Selecci├│n de apuesta	21	delete_betselection
84	Can view Selecci├│n de apuesta	21	view_betselection
85	Can add Mensaje de juego responsable	22	add_mensajejuegoresponsable
86	Can change Mensaje de juego responsable	22	change_mensajejuegoresponsable
87	Can delete Mensaje de juego responsable	22	delete_mensajejuegoresponsable
88	Can view Mensaje de juego responsable	22	view_mensajejuegoresponsable
89	Can add L├¡mite de dep├│sito	23	add_limitedeposito
90	Can change L├¡mite de dep├│sito	23	change_limitedeposito
91	Can delete L├¡mite de dep├│sito	23	delete_limitedeposito
92	Can view L├¡mite de dep├│sito	23	view_limitedeposito
93	Can add Autoexclusi├│n	24	add_autoexclusion
94	Can change Autoexclusi├│n	24	change_autoexclusion
95	Can delete Autoexclusi├│n	24	delete_autoexclusion
96	Can view Autoexclusi├│n	24	view_autoexclusion
97	Can add Registro de auditor├¡a	25	add_auditlog
98	Can change Registro de auditor├¡a	25	change_auditlog
99	Can delete Registro de auditor├¡a	25	delete_auditlog
100	Can view Registro de auditor├¡a	25	view_auditlog
101	Can add Verificaci├│n de integridad	26	add_auditintegritycheck
102	Can change Verificaci├│n de integridad	26	change_auditintegritycheck
103	Can delete Verificaci├│n de integridad	26	delete_auditintegritycheck
104	Can view Verificaci├│n de integridad	26	view_auditintegritycheck
105	Can add Liga	27	add_liga
106	Can change Liga	27	change_liga
107	Can delete Liga	27	delete_liga
108	Can view Liga	27	view_liga
109	Can add Alerta de fraude	28	add_fraudalert
110	Can change Alerta de fraude	28	change_fraudalert
111	Can delete Alerta de fraude	28	delete_fraudalert
112	Can view Alerta de fraude	28	view_fraudalert
\.


--
-- Data for Name: auth_user; Type: TABLE DATA; Schema: public; Owner: postgres
--

COPY public.auth_user (id, password, last_login, is_superuser, username, first_name, last_name, email, is_staff, is_active, date_joined) FROM stdin;
2	pbkdf2_sha256$1000000$EVJfoynZkPTXZLRH1bbxdw$wN2t/jdmPh30GuZKla6NTXs/fwSmxW6eInY1o9S6uzo=	\N	t	user			admin@apuestas.local	t	t	2026-05-24 05:01:59.567879+00
5	pbkdf2_sha256$1000000$4pvSKTp14sigSgPu4l9PCa$pcheKYxUKT6s7PbIpllCJuekkimkKiflTPFc+23rOjQ=	2026-05-27 06:20:22.668013+00	f	geordy	Luis	chinchay	Geordy_31_31@hotmail.com	f	t	2026-05-27 06:20:22.517032+00
6	pbkdf2_sha256$1000000$6X0BUGTUt6tDzKZTDp7cfi$f7gf1BxKxoBCYp7z1T5UOA7ebJUOTDO0O8DkmdxhdJ0=	2026-05-27 06:28:19.259093+00	f	kfentygen	luis	gonsales	kfentygen0245@gmail.com	f	t	2026-05-27 06:28:19.130157+00
4	pbkdf2_sha256$1000000$EXYcaDRJW69Kc63AmNCDWl$2iEnEgpZtJnvXxuMPibUgcvRa/BsPU8iao/mriqV4/Y=	2026-05-27 07:06:32.581669+00	f	cliente_demo	Cliente	Demo	cliente@apuesta247.local	f	t	2026-05-27 05:54:49.538172+00
3	pbkdf2_sha256$1000000$r6R44KJkssdKeUDbmEjFg4$YIodHloqBBLqyGAYttSJ+I1YGYa6Y3N19Au+1jEmq88=	2026-05-28 04:00:13.537807+00	t	admin_demo	Admin	Demo	admin@apuesta247.local	t	t	2026-05-27 05:54:49.363924+00
1	pbkdf2_sha256$1000000$Mk4uwHBCg9hcf0s8kmiaUz$orroLxbS4f5/IQzjLJn+kSY28Er/2ABSLfpnQbx9XXA=	2026-05-28 04:32:13.367055+00	t	admin			admin@example.com	t	t	2026-05-24 04:59:39.467336+00
7	pbkdf2_sha256$1000000$kjvHDBs6h4eqGKUkJ9ZvnW$OBtQnzIGDpc2fPQtlX1Jbbuf70NjIr7/y1dH29hDOs4=	2026-05-28 04:32:13.870422+00	f	jose	Jhonatan Freddy	Mandujano Yachas	jose_31_31@hotmail.com	f	t	2026-05-28 02:35:10.589434+00
\.


--
-- Data for Name: auth_user_groups; Type: TABLE DATA; Schema: public; Owner: postgres
--

COPY public.auth_user_groups (id, user_id, group_id) FROM stdin;
\.


--
-- Data for Name: auth_user_user_permissions; Type: TABLE DATA; Schema: public; Owner: postgres
--

COPY public.auth_user_user_permissions (id, user_id, permission_id) FROM stdin;
\.


--
-- Data for Name: billetera_account; Type: TABLE DATA; Schema: public; Owner: postgres
--

COPY public.billetera_account (id, tipo, nombre, activa, fecha_creacion, fecha_actualizacion, usuario_id) FROM stdin;
1	casa	Cuenta casa	t	2026-05-24 06:04:10.002456+00	2026-05-24 06:04:10.002497+00	\N
2	bonos	Cuenta bonos	t	2026-05-24 06:04:32.294784+00	2026-05-24 06:04:32.294798+00	\N
3	wallet_usuario	Wallet admin	t	2026-05-24 06:20:20.920378+00	2026-05-24 06:20:20.920395+00	1
4	apuestas_pendientes	Cuenta apuestas pendientes	t	2026-05-24 06:20:48.515706+00	2026-05-24 06:20:48.515723+00	\N
5	wallet_usuario	Wallet cliente demo	t	2026-05-27 05:54:49.715809+00	2026-05-27 05:54:49.715823+00	4
6	wallet_usuario	Wallet de jose	t	2026-05-28 03:16:25.495616+00	2026-05-28 03:16:25.495637+00	7
\.


--
-- Data for Name: billetera_ledger_entry; Type: TABLE DATA; Schema: public; Owner: postgres
--

COPY public.billetera_ledger_entry (id, amount, direction, descripcion, fecha_creacion, account_id, transaction_id) FROM stdin;
31	10.0000	DEBIT	Devoluci├│n del stake bloqueado por apuesta ganadora	2026-05-27 20:54:53.495189+00	4	15
32	15.0000	DEBIT	Pago de ganancia de apuesta ganadora	2026-05-27 20:54:53.503626+00	1	15
33	25.0000	CREDIT	Liquidaci├│n de apuesta ganadora	2026-05-27 20:54:53.504419+00	3	15
34	100.0000	DEBIT	Recarga simulada de fichas virtuales	2026-05-28 03:16:25.57678+00	1	16
35	100.0000	CREDIT	Recarga simulada de fichas virtuales	2026-05-28 03:16:25.58078+00	6	16
36	100.0000	DEBIT	Retiro simulado de fichas virtuales	2026-05-28 04:01:41.428782+00	6	17
37	100.0000	CREDIT	Retiro simulado de fichas virtuales	2026-05-28 04:01:41.431349+00	1	17
\.


--
-- Data for Name: billetera_ledger_transaction; Type: TABLE DATA; Schema: public; Owner: postgres
--

COPY public.billetera_ledger_transaction (id, tipo, referencia, idempotency_key, descripcion, fecha_creacion, creado_por_id) FROM stdin;
15	liquidacion_apuesta	liquidacion_apuesta_5	admin-liq-5-1779915293	Liquidaci├│n de apuesta ganadora	2026-05-27 20:54:53.486917+00	3
16	recarga	recarga_usuario_7	recarga-web-1779938185457-i7yzwf	Recarga simulada de fichas virtuales	2026-05-28 03:16:25.568438+00	7
17	retiro	retiro_usuario_7	reset-wallet-jose-20260528	Retiro simulado de fichas virtuales	2026-05-28 04:01:41.425632+00	7
\.


--
-- Data for Name: cuotas_odd; Type: TABLE DATA; Schema: public; Owner: postgres
--

COPY public.cuotas_odd (id, valor, margen_operador, activa, suspendida, fecha_creacion, fecha_actualizacion, actualizada_por_id, seleccion_id) FROM stdin;
1	2.5000	0.0500	t	f	2026-05-24 07:18:57.77113+00	2026-05-24 07:18:57.771142+00	1	1
\.


--
-- Data for Name: cuotas_odd_history; Type: TABLE DATA; Schema: public; Owner: postgres
--

COPY public.cuotas_odd_history (id, valor_anterior, valor_nuevo, margen_operador, motivo, fecha_cambio, cambiado_por_id, odd_id) FROM stdin;
\.


--
-- Data for Name: django_admin_log; Type: TABLE DATA; Schema: public; Owner: postgres
--

COPY public.django_admin_log (id, action_time, object_id, object_repr, action_flag, change_message, content_type_id, user_id) FROM stdin;
1	2026-05-24 07:05:16.625684+00	1	12345678 - chinchay, Luis	1	[{"added": {}}]	7	1
2	2026-05-24 07:08:24.15573+00	1	12345678 - chinchay, Luis	2	[{"changed": {"fields": ["Estado cuenta"]}}]	7	1
3	2026-05-24 07:13:14.00139+00	1	F├║tbol	1	[{"added": {}}]	12	1
4	2026-05-24 07:13:56.362053+00	1	Per├║	1	[{"added": {}}]	13	1
5	2026-05-24 07:14:25.462882+00	2	Argentina	1	[{"added": {}}]	13	1
6	2026-05-24 07:15:40.944349+00	1	Per├║ vs Argentina	1	[{"added": {}}]	14	1
7	2026-05-24 07:17:41.325702+00	1	Per├║ vs Argentina - Resultado final 1X2	1	[{"added": {}}, {"added": {"name": "Selecci\\u00f3n de mercado", "object": "Per\\u00fa vs Argentina - Resultado final 1X2 - Gana Per\\u00fa"}}, {"added": {"name": "Selecci\\u00f3n de mercado", "object": "Per\\u00fa vs Argentina - Resultado final 1X2 - Empate"}}, {"added": {"name": "Selecci\\u00f3n de mercado", "object": "Per\\u00fa vs Argentina - Resultado final 1X2 - Gana Argentina"}}]	16	1
8	2026-05-24 07:18:57.777801+00	1	Per├║ vs Argentina - Resultado final 1X2 - Gana Per├║ @ 2.5000	1	[{"added": {}}]	18	1
9	2026-05-26 06:20:32.932322+00	1	Autoexclusi├│n admin - activa	1	[{"added": {}}]	24	1
10	2026-05-26 06:23:30.218192+00	1	Autoexclusi├│n admin - finalizada	2	[{"changed": {"fields": ["Estado"]}}]	24	1
\.


--
-- Data for Name: django_content_type; Type: TABLE DATA; Schema: public; Owner: postgres
--

COPY public.django_content_type (id, app_label, model) FROM stdin;
1	admin	logentry
2	auth	permission
3	auth	group
4	auth	user
5	contenttypes	contenttype
6	sessions	session
7	usuarios	perfilusuario
8	usuarios	verificacionkyc
9	billetera	account
10	billetera	ledgertransaction
11	billetera	ledgerentry
12	eventos	deporte
13	eventos	equipo
14	eventos	evento
15	eventos	resultadoevento
16	mercados	mercado
17	mercados	seleccionmercado
18	cuotas	odd
19	cuotas	oddhistory
20	apuestas_core	bet
21	apuestas_core	betselection
22	juego_responsable	mensajejuegoresponsable
23	juego_responsable	limitedeposito
24	juego_responsable	autoexclusion
25	auditoria	auditlog
26	auditoria	auditintegritycheck
27	eventos	liga
28	antifraude	fraudalert
\.


--
-- Data for Name: django_migrations; Type: TABLE DATA; Schema: public; Owner: postgres
--

COPY public.django_migrations (id, app, name, applied) FROM stdin;
1	contenttypes	0001_initial	2026-05-24 04:55:49.042375+00
2	auth	0001_initial	2026-05-24 04:55:49.129902+00
3	admin	0001_initial	2026-05-24 04:55:49.155002+00
4	admin	0002_logentry_remove_auto_add	2026-05-24 04:55:49.161293+00
5	admin	0003_logentry_add_action_flag_choices	2026-05-24 04:55:49.165916+00
6	contenttypes	0002_remove_content_type_name	2026-05-24 04:55:49.179269+00
7	auth	0002_alter_permission_name_max_length	2026-05-24 04:55:49.187892+00
8	auth	0003_alter_user_email_max_length	2026-05-24 04:55:49.193534+00
9	auth	0004_alter_user_username_opts	2026-05-24 04:55:49.198455+00
10	auth	0005_alter_user_last_login_null	2026-05-24 04:55:49.205139+00
11	auth	0006_require_contenttypes_0002	2026-05-24 04:55:49.207415+00
12	auth	0007_alter_validators_add_error_messages	2026-05-24 04:55:49.213291+00
13	auth	0008_alter_user_username_max_length	2026-05-24 04:55:49.226455+00
14	auth	0009_alter_user_last_name_max_length	2026-05-24 04:55:49.23302+00
15	auth	0010_alter_group_name_max_length	2026-05-24 04:55:49.242829+00
16	auth	0011_update_proxy_permissions	2026-05-24 04:55:49.249574+00
17	auth	0012_alter_user_first_name_max_length	2026-05-24 04:55:49.257717+00
18	sessions	0001_initial	2026-05-24 04:55:49.27722+00
19	usuarios	0001_initial	2026-05-24 05:16:54.029446+00
20	billetera	0001_initial	2026-05-24 05:44:15.080879+00
21	eventos	0001_initial	2026-05-24 06:27:42.057084+00
22	mercados	0001_initial	2026-05-24 06:36:12.796857+00
23	cuotas	0001_initial	2026-05-24 06:40:34.384014+00
24	apuestas_core	0001_initial	2026-05-24 06:46:27.29865+00
25	juego_responsable	0001_initial	2026-05-26 06:05:49.133523+00
26	auditoria	0001_initial	2026-05-26 06:26:14.288132+00
27	eventos	0002_liga	2026-05-27 21:07:37.175798+00
28	antifraude	0001_fraud_alert	2026-05-27 21:16:34.286037+00
29	usuarios	0002_perfil_dni_max_length_12	2026-05-27 22:17:19.107282+00
\.


--
-- Data for Name: django_session; Type: TABLE DATA; Schema: public; Owner: postgres
--

COPY public.django_session (session_key, session_data, expire_date) FROM stdin;
v3nlclhabgthcgcl6wg3thcq49t1czzx	.eJxVjEEOwiAQRe_C2pACUxlcuvcMZAZGqRpISrsy3l2bdKHb_977LxVpXUpcu8xxyuqknDr8bkzpIXUD-U711nRqdZkn1puid9r1pWV5nnf376BQL996NOCzMQGsgB-Q3RUTActoPBm0CGzROpaENkM6ekZIwQ3eCTI7Cur9AcGIN0Y:1wS7Gc:jWSp_yplVTV3clWPyXV4hieXsUZ7CyXjJEH7eHHvh30	2026-06-10 05:57:22.563643+00
ijf5ejt4amc5umk3amnfhwurbjad9r05	.eJxVjEEOwiAQRe_C2hAYBhCX7nsGMjBUqoYmpV0Z765NutDtf-_9l4i0rTVuvSxxYnERKE6_W6L8KG0HfKd2m2We27pMSe6KPGiXw8zleT3cv4NKvX5rsKCATXAjBuDkPI6gDCMC-2TBOpvODDmgtpoMFR0sKWOAPBYsicT7A7SzNwA:1wS7hu:hCiCR9ab1tW3DSLmBmK5C6DRBVF2XYRKiUK9wXn6thI	2026-06-10 06:25:34.276168+00
vviqnqaf2xaimkgcf2ypxfp4mug4z675	.eJxVjEEOwiAQRe_C2hAYBhCX7nsGMjBUqoYmpV0Z765NutDtf-_9l4i0rTVuvSxxYnERKE6_W6L8KG0HfKd2m2We27pMSe6KPGiXw8zleT3cv4NKvX5rsKCATXAjBuDkPI6gDCMC-2TBOpvODDmgtpoMFR0sKWOAPBYsicT7A7SzNwA:1wS7lC:gaYY5bxISCQTC-kMlCtTBmJF2O8MXbtdw37lEKGG3eA	2026-06-10 06:28:58.459878+00
8cqyccea1eer257iu322qxliazhp1ggx	.eJxVjEEOwiAQRe_C2hAYBhCX7nsGMjBUqoYmpV0Z765NutDtf-_9l4i0rTVuvSxxYnERKE6_W6L8KG0HfKd2m2We27pMSe6KPGiXw8zleT3cv4NKvX5rsKCATXAjBuDkPI6gDCMC-2TBOpvODDmgtpoMFR0sKWOAPBYsicT7A7SzNwA:1wS7rc:46tVPDB1B6CcxEaJdOO5AHFbtP8o84R9PTbSPTc4400	2026-06-10 06:35:36.211088+00
oo32fp74l1c9wlltq5l6uncbmpfbprgz	.eJxVjEEOwiAQRe_C2hAYBhCX7nsGMjBUqoYmpV0Z765NutDtf-_9l4i0rTVuvSxxYnERKE6_W6L8KG0HfKd2m2We27pMSe6KPGiXw8zleT3cv4NKvX5rsKCATXAjBuDkPI6gDCMC-2TBOpvODDmgtpoMFR0sKWOAPBYsicT7A7SzNwA:1wS7s3:8QcO-Notcrw-rzqX9RQ7AWfmu_C_RccJNFNjxMGqBvM	2026-06-10 06:36:03.382354+00
ygdsjglu2wgwrpp474uwlsndyz8u6yj9	.eJxVjEEOwiAQRe_C2hAYBhCX7nsGMjBUqoYmpV0Z765NutDtf-_9l4i0rTVuvSxxYnERKE6_W6L8KG0HfKd2m2We27pMSe6KPGiXw8zleT3cv4NKvX5rsKCATXAjBuDkPI6gDCMC-2TBOpvODDmgtpoMFR0sKWOAPBYsicT7A7SzNwA:1wS7sV:xlo6zt6pediq6snMDHfH_ydmLcvGHoNaJ4cJQe-J3b8	2026-06-10 06:36:31.337557+00
63553jjmnii0sn75qltbh3owrgj6lmyc	.eJxVjEEOwiAQRe_C2pACUxlcuvcMZAZGqRpISrsy3l2bdKHb_977LxVpXUpcu8xxyuqknDr8bkzpIXUD-U711nRqdZkn1puid9r1pWV5nnf376BQL996NOCzMQGsgB-Q3RUTActoPBm0CGzROpaENkM6ekZIwQ3eCTI7Cur9AcGIN0Y:1wS7wU:3R51XsBbAD2oNeFTtJ_ro3qj7YzEjcXGv0XaYjnVz10	2026-06-10 06:40:38.094911+00
h3f2pwo2krqdvenmm0afqrzwjyq4tm2a	.eJxVjEEOwiAQRe_C2pACUxlcuvcMZAZGqRpISrsy3l2bdKHb_977LxVpXUpcu8xxyuqknDr8bkzpIXUD-U711nRqdZkn1puid9r1pWV5nnf376BQL996NOCzMQGsgB-Q3RUTActoPBm0CGzROpaENkM6ekZIwQ3eCTI7Cur9AcGIN0Y:1wS7y5:qn-vJfNR4Ewj0cHxt9nYVxSvg0ZHjhn2UVcO1zLYzuk	2026-06-10 06:42:17.529857+00
eeqpc3xsg4ifnc05ao9f7miy5xc8uiy9	.eJxVjEEOwiAQRe_C2hAYBhCX7nsGMjBUqoYmpV0Z765NutDtf-_9l4i0rTVuvSxxYnERKE6_W6L8KG0HfKd2m2We27pMSe6KPGiXw8zleT3cv4NKvX5rsKCATXAjBuDkPI6gDCMC-2TBOpvODDmgtpoMFR0sKWOAPBYsicT7A7SzNwA:1wS8Av:S98Fc4g8Jsv1FPIt91iui0T1JJexLqKQ3wrC3QsU66Q	2026-06-10 06:55:33.699586+00
9g2zqessefasr1qb9bonn3wmoqon1g33	.eJxVjEEOwiAQRe_C2hAYBhCX7nsGMjBUqoYmpV0Z765NutDtf-_9l4i0rTVuvSxxYnERKE6_W6L8KG0HfKd2m2We27pMSe6KPGiXw8zleT3cv4NKvX5rsKCATXAjBuDkPI6gDCMC-2TBOpvODDmgtpoMFR0sKWOAPBYsicT7A7SzNwA:1wS8FC:3H6r85a6VMlbgHsYIVvItvkuKQ4EOUeWsWlCovI7L-8	2026-06-10 06:59:58.943052+00
mqqooh02thdkrc1wb1cdfrxrw105z5ro	.eJxVjEEOwiAQRe_C2hAYBhCX7nsGMjBUqoYmpV0Z765NutDtf-_9l4i0rTVuvSxxYnERKE6_W6L8KG0HfKd2m2We27pMSe6KPGiXw8zleT3cv4NKvX5rsKCATXAjBuDkPI6gDCMC-2TBOpvODDmgtpoMFR0sKWOAPBYsicT7A7SzNwA:1wS8LY:LZYcoBqHsvxxCjNQ_nepK69dsfdTmlL_rEcGW076CtE	2026-06-10 07:06:32.585022+00
gteaurdwtnon8udhla7xjihfvs59rsud	.eJxVjEEOwiAQRe_C2pACUxlcuvcMZAZGqRpISrsy3l2bdKHb_977LxVpXUpcu8xxyuqknDr8bkzpIXUD-U711nRqdZkn1puid9r1pWV5nnf376BQL996NOCzMQGsgB-Q3RUTActoPBm0CGzROpaENkM6ekZIwQ3eCTI7Cur9AcGIN0Y:1wSK6y:SMjOkdRz5pLIh22jXnbVyEzBlaOjHs0xmjzCDUZCivI	2026-06-10 19:40:16.093809+00
g3taj7742ji85kz46e90oj64l30he418	.eJxVjMsOwiAQRf-FtSEMw6Nx6d5vIANMpWogKe3K-O9K0oVuzzn3vkSgfSth77yGJYuz8OL0yyKlB9ch8p3qrcnU6rYuUY5EHrbLa8v8vBzt30GhXsYalUtJswNQap60RwuA4GjKCjyY6JAIrTFI_IXackqRVITZWGfAivcHuqw25g:1wSQaU:nm_9aveuvc_e2EApVX4cUCmIZoJoHkgd97OaZUHbmm8	2026-06-11 02:35:10.805092+00
s143jme7xpbb8sr1vmi1bgvboytokv9t	.eJxVjMsOwiAQRf-FtSEMw6Nx6d5vIANMpWogKe3K-O9K0oVuzzn3vkSgfSth77yGJYuz8OL0yyKlB9ch8p3qrcnU6rYuUY5EHrbLa8v8vBzt30GhXsYalUtJswNQap60RwuA4GjKCjyY6JAIrTFI_IXackqRVITZWGfAivcHuqw25g:1wSRnn:CqNPLyVK81YX20h6exrUROar5bqNgL-rLW5Or20i5C8	2026-06-11 03:52:59.480842+00
zm8jd2j16x7elct8yjbozvnfdh3o0c7d	.eJxVjEEOwiAQRe_C2pACUxlcuvcMZAZGqRpISrsy3l2bdKHb_977LxVpXUpcu8xxyuqknDr8bkzpIXUD-U711nRqdZkn1puid9r1pWV5nnf376BQL996NOCzMQGsgB-Q3RUTActoPBm0CGzROpaENkM6ekZIwQ3eCTI7Cur9AcGIN0Y:1wSRun:1vx7RVMJcL41A0DTA6Ggh9R0fiSXt_Y1w1W7dHYVVgc	2026-06-11 04:00:13.542974+00
8t0l87rz8j350rpsappoysvz8953krxt	.eJxVjEsOwjAMBe-SNYqaOMaYJXvOEDlxQgqolfpZIe4OlbqA7ZuZ9zJR1qXFdS5T7NWcjTOH3y1JfpRhA3qX4TbaPA7L1Ce7KXans72OWp6X3f07aDK3b40KJAJcOYBH71gzeqF8qhUlAakQKGXkLmGAIxNRxy5oJ565VDTvD9fPN1o:1wSSPl:wULpChVnUh_q0N6Miu49ePpyKMLqpYFU9sYW4k2BJZ0	2026-06-11 04:32:13.370575+00
epu4yslf45diyzaoq010pkpes6w07bhk	.eJxVjMsOwiAQRf-FtSEMw6Nx6d5vIANMpWogKe3K-O9K0oVuzzn3vkSgfSth77yGJYuz8OL0yyKlB9ch8p3qrcnU6rYuUY5EHrbLa8v8vBzt30GhXsYalUtJswNQap60RwuA4GjKCjyY6JAIrTFI_IXackqRVITZWGfAivcHuqw25g:1wSSPl:tWn_CO9lS_VMi-tXbSKi-8aWxeGHOwNdik-r6bO33KI	2026-06-11 04:32:13.872475+00
\.


--
-- Data for Name: eventos_deporte; Type: TABLE DATA; Schema: public; Owner: postgres
--

COPY public.eventos_deporte (id, nombre, descripcion, activo, fecha_creacion, fecha_actualizacion) FROM stdin;
1	F├║tbol		t	2026-05-24 07:13:13.999243+00	2026-05-24 07:13:13.999258+00
2	basquetbol	Deporte de equipo donde dos conjuntos compiten anotando puntos encestando el bal├│n en el aro rival.	t	2026-05-27 21:01:49.412637+00	2026-05-27 21:01:49.412659+00
\.


--
-- Data for Name: eventos_equipo; Type: TABLE DATA; Schema: public; Owner: postgres
--

COPY public.eventos_equipo (id, nombre, abreviatura, pais, activo, fecha_creacion, fecha_actualizacion, deporte_id) FROM stdin;
1	Per├║	PER	Per├║	t	2026-05-24 07:13:56.36024+00	2026-05-24 07:13:56.360251+00	1
2	Argentina	ARG	Argentina	t	2026-05-24 07:14:25.461671+00	2026-05-24 07:14:25.461683+00	1
3	Universitario de Deportes	UNI	Per├║	t	2026-05-27 20:58:23.936305+00	2026-05-27 20:58:23.936321+00	1
\.


--
-- Data for Name: eventos_evento; Type: TABLE DATA; Schema: public; Owner: postgres
--

COPY public.eventos_evento (id, nombre, estado, fecha_inicio, fecha_fin, marcador_local, marcador_visitante, activo, fecha_creacion, fecha_actualizacion, deporte_id, equipo_local_id, equipo_visitante_id, liga_id) FROM stdin;
1	Per├║ vs Argentina	programado	2026-05-25 23:00:00+00	\N	\N	\N	t	2026-05-24 07:15:40.940662+00	2026-05-24 07:15:40.940671+00	1	1	2	\N
\.


--
-- Data for Name: eventos_liga; Type: TABLE DATA; Schema: public; Owner: postgres
--

COPY public.eventos_liga (id, nombre, pais, activa, fecha_creacion, fecha_actualizacion, deporte_id) FROM stdin;
1	liga 1	Peru	t	2026-05-28 04:23:23.121892+00	2026-05-28 04:23:23.121905+00	1
2	liga 2	Peru	t	2026-05-28 04:34:42.346418+00	2026-05-28 04:34:42.346433+00	1
\.


--
-- Data for Name: eventos_resultado; Type: TABLE DATA; Schema: public; Owner: postgres
--

COPY public.eventos_resultado (id, marcador_local, marcador_visitante, resultado_1x2, fecha_registro, evento_id, registrado_por_id) FROM stdin;
\.


--
-- Data for Name: juego_responsable_autoexclusion; Type: TABLE DATA; Schema: public; Owner: postgres
--

COPY public.juego_responsable_autoexclusion (id, estado, duracion, fecha_inicio, fecha_fin, motivo, fecha_creacion, fecha_actualizacion, creada_por_id, usuario_id) FROM stdin;
1	finalizada	7_dias	2026-05-26 06:19:52+00	\N	Prueba de bloqueo	2026-05-26 06:20:32.928926+00	2026-05-26 06:23:30.216983+00	1	1
\.


--
-- Data for Name: juego_responsable_limite_deposito; Type: TABLE DATA; Schema: public; Owner: postgres
--

COPY public.juego_responsable_limite_deposito (id, limite_diario, limite_semanal, limite_mensual, cambio_pendiente_diario, cambio_pendiente_semanal, cambio_pendiente_mensual, aplicar_cambio_en, fecha_creacion, fecha_actualizacion, usuario_id) FROM stdin;
1	100.0000	500.0000	1000.0000	\N	\N	\N	\N	2026-05-27 06:35:36.623807+00	2026-05-27 06:35:36.623816+00	2
2	100.0000	500.0000	1000.0000	\N	\N	\N	\N	2026-05-27 06:36:03.789595+00	2026-05-27 06:36:03.789606+00	4
3	100.0000	500.0000	1000.0000	\N	\N	\N	\N	2026-05-28 02:52:16.288916+00	2026-05-28 02:52:16.288929+00	7
\.


--
-- Data for Name: juego_responsable_mensaje; Type: TABLE DATA; Schema: public; Owner: postgres
--

COPY public.juego_responsable_mensaje (id, titulo, mensaje, activo, ubicacion, fecha_creacion, fecha_actualizacion) FROM stdin;
\.


--
-- Data for Name: mercados_mercado; Type: TABLE DATA; Schema: public; Owner: postgres
--

COPY public.mercados_mercado (id, tipo, nombre, descripcion, activo, suspendido, fecha_creacion, fecha_actualizacion, evento_id) FROM stdin;
1	1x2	Resultado final 1X2		t	f	2026-05-24 07:17:41.316944+00	2026-05-24 07:17:41.316958+00	1
\.


--
-- Data for Name: mercados_seleccion; Type: TABLE DATA; Schema: public; Owner: postgres
--

COPY public.mercados_seleccion (id, tipo, nombre, activo, fecha_creacion, fecha_actualizacion, mercado_id) FROM stdin;
1	local	Gana Per├║	t	2026-05-24 07:17:41.321031+00	2026-05-24 07:17:41.321054+00	1
2	empate	Empate	t	2026-05-24 07:17:41.324027+00	2026-05-24 07:17:41.324041+00	1
3	visitante	Gana Argentina	t	2026-05-24 07:17:41.324751+00	2026-05-24 07:17:41.324762+00	1
\.


--
-- Data for Name: usuarios_kyc; Type: TABLE DATA; Schema: public; Owner: postgres
--

COPY public.usuarios_kyc (id, dni_verificado, mayor_edad_verificado, observacion, fecha_verificacion, fecha_creacion, fecha_actualizacion, perfil_id, verificado_por_id) FROM stdin;
\.


--
-- Data for Name: usuarios_perfil; Type: TABLE DATA; Schema: public; Owner: postgres
--

COPY public.usuarios_perfil (id, dni, nombres, apellidos, fecha_nacimiento, telefono, direccion, estado_cuenta, fecha_registro, fecha_actualizacion, usuario_id) FROM stdin;
1	12345678	Luis	chinchay	2000-01-01	967271498	Chiclayo	verificado	2026-05-24 07:05:16.622174+00	2026-05-24 07:08:24.153984+00	1
2	87654321	Cliente	Demo	1998-01-15	999888777	Lima, Peru	verificado	2026-05-27 05:54:49.702984+00	2026-05-27 05:54:49.702997+00	4
3	71852009	Luis	chinchay	2013-02-27	+51967271498	Calle Recuay 335, Calle Recuay 335, jaen, Cajamarca	pendiente_verificacion	2026-05-27 06:20:22.66028+00	2026-05-27 06:20:22.660293+00	5
4	71852008	luis	gonsales	2017-02-27	965458124	CAL. DO├æA DELMIRA NRO. 353 DPTO, chiclayo, chiclayo, Lambayeque	pendiente_verificacion	2026-05-27 06:28:19.251774+00	2026-05-27 06:28:19.251785+00	6
5	71850312	Jhonatan Freddy	Mandujano Yachas	2003-02-04	967271488	chiclayo, La Victoria, Chiclayo, Lambayeque	pendiente_verificacion	2026-05-28 02:35:10.767103+00	2026-05-28 02:35:10.767118+00	7
\.


--
-- Name: antifraude_fraud_alert_id_seq; Type: SEQUENCE SET; Schema: public; Owner: postgres
--

SELECT pg_catalog.setval('public.antifraude_fraud_alert_id_seq', 1, false);


--
-- Name: apuestas_bet_id_seq; Type: SEQUENCE SET; Schema: public; Owner: postgres
--

SELECT pg_catalog.setval('public.apuestas_bet_id_seq', 6, true);


--
-- Name: apuestas_bet_selection_id_seq; Type: SEQUENCE SET; Schema: public; Owner: postgres
--

SELECT pg_catalog.setval('public.apuestas_bet_selection_id_seq', 6, true);


--
-- Name: auditoria_audit_log_id_seq; Type: SEQUENCE SET; Schema: public; Owner: postgres
--

SELECT pg_catalog.setval('public.auditoria_audit_log_id_seq', 9, true);


--
-- Name: auditoria_integrity_check_id_seq; Type: SEQUENCE SET; Schema: public; Owner: postgres
--

SELECT pg_catalog.setval('public.auditoria_integrity_check_id_seq', 1, false);


--
-- Name: auth_group_id_seq; Type: SEQUENCE SET; Schema: public; Owner: postgres
--

SELECT pg_catalog.setval('public.auth_group_id_seq', 1, false);


--
-- Name: auth_group_permissions_id_seq; Type: SEQUENCE SET; Schema: public; Owner: postgres
--

SELECT pg_catalog.setval('public.auth_group_permissions_id_seq', 1, false);


--
-- Name: auth_permission_id_seq; Type: SEQUENCE SET; Schema: public; Owner: postgres
--

SELECT pg_catalog.setval('public.auth_permission_id_seq', 112, true);


--
-- Name: auth_user_groups_id_seq; Type: SEQUENCE SET; Schema: public; Owner: postgres
--

SELECT pg_catalog.setval('public.auth_user_groups_id_seq', 1, false);


--
-- Name: auth_user_id_seq; Type: SEQUENCE SET; Schema: public; Owner: postgres
--

SELECT pg_catalog.setval('public.auth_user_id_seq', 7, true);


--
-- Name: auth_user_user_permissions_id_seq; Type: SEQUENCE SET; Schema: public; Owner: postgres
--

SELECT pg_catalog.setval('public.auth_user_user_permissions_id_seq', 1, false);


--
-- Name: billetera_account_id_seq; Type: SEQUENCE SET; Schema: public; Owner: postgres
--

SELECT pg_catalog.setval('public.billetera_account_id_seq', 6, true);


--
-- Name: billetera_ledger_entry_id_seq; Type: SEQUENCE SET; Schema: public; Owner: postgres
--

SELECT pg_catalog.setval('public.billetera_ledger_entry_id_seq', 37, true);


--
-- Name: billetera_ledger_transaction_id_seq; Type: SEQUENCE SET; Schema: public; Owner: postgres
--

SELECT pg_catalog.setval('public.billetera_ledger_transaction_id_seq', 17, true);


--
-- Name: cuotas_odd_history_id_seq; Type: SEQUENCE SET; Schema: public; Owner: postgres
--

SELECT pg_catalog.setval('public.cuotas_odd_history_id_seq', 1, false);


--
-- Name: cuotas_odd_id_seq; Type: SEQUENCE SET; Schema: public; Owner: postgres
--

SELECT pg_catalog.setval('public.cuotas_odd_id_seq', 1, true);


--
-- Name: django_admin_log_id_seq; Type: SEQUENCE SET; Schema: public; Owner: postgres
--

SELECT pg_catalog.setval('public.django_admin_log_id_seq', 10, true);


--
-- Name: django_content_type_id_seq; Type: SEQUENCE SET; Schema: public; Owner: postgres
--

SELECT pg_catalog.setval('public.django_content_type_id_seq', 28, true);


--
-- Name: django_migrations_id_seq; Type: SEQUENCE SET; Schema: public; Owner: postgres
--

SELECT pg_catalog.setval('public.django_migrations_id_seq', 29, true);


--
-- Name: eventos_deporte_id_seq; Type: SEQUENCE SET; Schema: public; Owner: postgres
--

SELECT pg_catalog.setval('public.eventos_deporte_id_seq', 2, true);


--
-- Name: eventos_equipo_id_seq; Type: SEQUENCE SET; Schema: public; Owner: postgres
--

SELECT pg_catalog.setval('public.eventos_equipo_id_seq', 3, true);


--
-- Name: eventos_evento_id_seq; Type: SEQUENCE SET; Schema: public; Owner: postgres
--

SELECT pg_catalog.setval('public.eventos_evento_id_seq', 1, true);


--
-- Name: eventos_liga_id_seq; Type: SEQUENCE SET; Schema: public; Owner: postgres
--

SELECT pg_catalog.setval('public.eventos_liga_id_seq', 2, true);


--
-- Name: eventos_resultado_id_seq; Type: SEQUENCE SET; Schema: public; Owner: postgres
--

SELECT pg_catalog.setval('public.eventos_resultado_id_seq', 1, false);


--
-- Name: juego_responsable_autoexclusion_id_seq; Type: SEQUENCE SET; Schema: public; Owner: postgres
--

SELECT pg_catalog.setval('public.juego_responsable_autoexclusion_id_seq', 1, true);


--
-- Name: juego_responsable_limite_deposito_id_seq; Type: SEQUENCE SET; Schema: public; Owner: postgres
--

SELECT pg_catalog.setval('public.juego_responsable_limite_deposito_id_seq', 3, true);


--
-- Name: juego_responsable_mensaje_id_seq; Type: SEQUENCE SET; Schema: public; Owner: postgres
--

SELECT pg_catalog.setval('public.juego_responsable_mensaje_id_seq', 1, false);


--
-- Name: mercados_mercado_id_seq; Type: SEQUENCE SET; Schema: public; Owner: postgres
--

SELECT pg_catalog.setval('public.mercados_mercado_id_seq', 1, true);


--
-- Name: mercados_seleccion_id_seq; Type: SEQUENCE SET; Schema: public; Owner: postgres
--

SELECT pg_catalog.setval('public.mercados_seleccion_id_seq', 3, true);


--
-- Name: usuarios_kyc_id_seq; Type: SEQUENCE SET; Schema: public; Owner: postgres
--

SELECT pg_catalog.setval('public.usuarios_kyc_id_seq', 1, false);


--
-- Name: usuarios_perfil_id_seq; Type: SEQUENCE SET; Schema: public; Owner: postgres
--

SELECT pg_catalog.setval('public.usuarios_perfil_id_seq', 5, true);


--
-- Name: antifraude_fraud_alert antifraude_fraud_alert_pkey; Type: CONSTRAINT; Schema: public; Owner: postgres
--

ALTER TABLE ONLY public.antifraude_fraud_alert
    ADD CONSTRAINT antifraude_fraud_alert_pkey PRIMARY KEY (id);


--
-- Name: apuestas_bet apuestas_bet_idempotency_key_key; Type: CONSTRAINT; Schema: public; Owner: postgres
--

ALTER TABLE ONLY public.apuestas_bet
    ADD CONSTRAINT apuestas_bet_idempotency_key_key UNIQUE (idempotency_key);


--
-- Name: apuestas_bet apuestas_bet_pkey; Type: CONSTRAINT; Schema: public; Owner: postgres
--

ALTER TABLE ONLY public.apuestas_bet
    ADD CONSTRAINT apuestas_bet_pkey PRIMARY KEY (id);


--
-- Name: apuestas_bet_selection apuestas_bet_selection_pkey; Type: CONSTRAINT; Schema: public; Owner: postgres
--

ALTER TABLE ONLY public.apuestas_bet_selection
    ADD CONSTRAINT apuestas_bet_selection_pkey PRIMARY KEY (id);


--
-- Name: auditoria_audit_log auditoria_audit_log_current_hash_key; Type: CONSTRAINT; Schema: public; Owner: postgres
--

ALTER TABLE ONLY public.auditoria_audit_log
    ADD CONSTRAINT auditoria_audit_log_current_hash_key UNIQUE (current_hash);


--
-- Name: auditoria_audit_log auditoria_audit_log_pkey; Type: CONSTRAINT; Schema: public; Owner: postgres
--

ALTER TABLE ONLY public.auditoria_audit_log
    ADD CONSTRAINT auditoria_audit_log_pkey PRIMARY KEY (id);


--
-- Name: auditoria_integrity_check auditoria_integrity_check_pkey; Type: CONSTRAINT; Schema: public; Owner: postgres
--

ALTER TABLE ONLY public.auditoria_integrity_check
    ADD CONSTRAINT auditoria_integrity_check_pkey PRIMARY KEY (id);


--
-- Name: auth_group auth_group_name_key; Type: CONSTRAINT; Schema: public; Owner: postgres
--

ALTER TABLE ONLY public.auth_group
    ADD CONSTRAINT auth_group_name_key UNIQUE (name);


--
-- Name: auth_group_permissions auth_group_permissions_group_id_permission_id_0cd325b0_uniq; Type: CONSTRAINT; Schema: public; Owner: postgres
--

ALTER TABLE ONLY public.auth_group_permissions
    ADD CONSTRAINT auth_group_permissions_group_id_permission_id_0cd325b0_uniq UNIQUE (group_id, permission_id);


--
-- Name: auth_group_permissions auth_group_permissions_pkey; Type: CONSTRAINT; Schema: public; Owner: postgres
--

ALTER TABLE ONLY public.auth_group_permissions
    ADD CONSTRAINT auth_group_permissions_pkey PRIMARY KEY (id);


--
-- Name: auth_group auth_group_pkey; Type: CONSTRAINT; Schema: public; Owner: postgres
--

ALTER TABLE ONLY public.auth_group
    ADD CONSTRAINT auth_group_pkey PRIMARY KEY (id);


--
-- Name: auth_permission auth_permission_content_type_id_codename_01ab375a_uniq; Type: CONSTRAINT; Schema: public; Owner: postgres
--

ALTER TABLE ONLY public.auth_permission
    ADD CONSTRAINT auth_permission_content_type_id_codename_01ab375a_uniq UNIQUE (content_type_id, codename);


--
-- Name: auth_permission auth_permission_pkey; Type: CONSTRAINT; Schema: public; Owner: postgres
--

ALTER TABLE ONLY public.auth_permission
    ADD CONSTRAINT auth_permission_pkey PRIMARY KEY (id);


--
-- Name: auth_user_groups auth_user_groups_pkey; Type: CONSTRAINT; Schema: public; Owner: postgres
--

ALTER TABLE ONLY public.auth_user_groups
    ADD CONSTRAINT auth_user_groups_pkey PRIMARY KEY (id);


--
-- Name: auth_user_groups auth_user_groups_user_id_group_id_94350c0c_uniq; Type: CONSTRAINT; Schema: public; Owner: postgres
--

ALTER TABLE ONLY public.auth_user_groups
    ADD CONSTRAINT auth_user_groups_user_id_group_id_94350c0c_uniq UNIQUE (user_id, group_id);


--
-- Name: auth_user auth_user_pkey; Type: CONSTRAINT; Schema: public; Owner: postgres
--

ALTER TABLE ONLY public.auth_user
    ADD CONSTRAINT auth_user_pkey PRIMARY KEY (id);


--
-- Name: auth_user_user_permissions auth_user_user_permissions_pkey; Type: CONSTRAINT; Schema: public; Owner: postgres
--

ALTER TABLE ONLY public.auth_user_user_permissions
    ADD CONSTRAINT auth_user_user_permissions_pkey PRIMARY KEY (id);


--
-- Name: auth_user_user_permissions auth_user_user_permissions_user_id_permission_id_14a6b632_uniq; Type: CONSTRAINT; Schema: public; Owner: postgres
--

ALTER TABLE ONLY public.auth_user_user_permissions
    ADD CONSTRAINT auth_user_user_permissions_user_id_permission_id_14a6b632_uniq UNIQUE (user_id, permission_id);


--
-- Name: auth_user auth_user_username_key; Type: CONSTRAINT; Schema: public; Owner: postgres
--

ALTER TABLE ONLY public.auth_user
    ADD CONSTRAINT auth_user_username_key UNIQUE (username);


--
-- Name: billetera_account billetera_account_pkey; Type: CONSTRAINT; Schema: public; Owner: postgres
--

ALTER TABLE ONLY public.billetera_account
    ADD CONSTRAINT billetera_account_pkey PRIMARY KEY (id);


--
-- Name: billetera_ledger_entry billetera_ledger_entry_pkey; Type: CONSTRAINT; Schema: public; Owner: postgres
--

ALTER TABLE ONLY public.billetera_ledger_entry
    ADD CONSTRAINT billetera_ledger_entry_pkey PRIMARY KEY (id);


--
-- Name: billetera_ledger_transaction billetera_ledger_transaction_idempotency_key_key; Type: CONSTRAINT; Schema: public; Owner: postgres
--

ALTER TABLE ONLY public.billetera_ledger_transaction
    ADD CONSTRAINT billetera_ledger_transaction_idempotency_key_key UNIQUE (idempotency_key);


--
-- Name: billetera_ledger_transaction billetera_ledger_transaction_pkey; Type: CONSTRAINT; Schema: public; Owner: postgres
--

ALTER TABLE ONLY public.billetera_ledger_transaction
    ADD CONSTRAINT billetera_ledger_transaction_pkey PRIMARY KEY (id);


--
-- Name: cuotas_odd_history cuotas_odd_history_pkey; Type: CONSTRAINT; Schema: public; Owner: postgres
--

ALTER TABLE ONLY public.cuotas_odd_history
    ADD CONSTRAINT cuotas_odd_history_pkey PRIMARY KEY (id);


--
-- Name: cuotas_odd cuotas_odd_pkey; Type: CONSTRAINT; Schema: public; Owner: postgres
--

ALTER TABLE ONLY public.cuotas_odd
    ADD CONSTRAINT cuotas_odd_pkey PRIMARY KEY (id);


--
-- Name: cuotas_odd cuotas_odd_seleccion_id_key; Type: CONSTRAINT; Schema: public; Owner: postgres
--

ALTER TABLE ONLY public.cuotas_odd
    ADD CONSTRAINT cuotas_odd_seleccion_id_key UNIQUE (seleccion_id);


--
-- Name: django_admin_log django_admin_log_pkey; Type: CONSTRAINT; Schema: public; Owner: postgres
--

ALTER TABLE ONLY public.django_admin_log
    ADD CONSTRAINT django_admin_log_pkey PRIMARY KEY (id);


--
-- Name: django_content_type django_content_type_app_label_model_76bd3d3b_uniq; Type: CONSTRAINT; Schema: public; Owner: postgres
--

ALTER TABLE ONLY public.django_content_type
    ADD CONSTRAINT django_content_type_app_label_model_76bd3d3b_uniq UNIQUE (app_label, model);


--
-- Name: django_content_type django_content_type_pkey; Type: CONSTRAINT; Schema: public; Owner: postgres
--

ALTER TABLE ONLY public.django_content_type
    ADD CONSTRAINT django_content_type_pkey PRIMARY KEY (id);


--
-- Name: django_migrations django_migrations_pkey; Type: CONSTRAINT; Schema: public; Owner: postgres
--

ALTER TABLE ONLY public.django_migrations
    ADD CONSTRAINT django_migrations_pkey PRIMARY KEY (id);


--
-- Name: django_session django_session_pkey; Type: CONSTRAINT; Schema: public; Owner: postgres
--

ALTER TABLE ONLY public.django_session
    ADD CONSTRAINT django_session_pkey PRIMARY KEY (session_key);


--
-- Name: eventos_deporte eventos_deporte_nombre_key; Type: CONSTRAINT; Schema: public; Owner: postgres
--

ALTER TABLE ONLY public.eventos_deporte
    ADD CONSTRAINT eventos_deporte_nombre_key UNIQUE (nombre);


--
-- Name: eventos_deporte eventos_deporte_pkey; Type: CONSTRAINT; Schema: public; Owner: postgres
--

ALTER TABLE ONLY public.eventos_deporte
    ADD CONSTRAINT eventos_deporte_pkey PRIMARY KEY (id);


--
-- Name: eventos_equipo eventos_equipo_pkey; Type: CONSTRAINT; Schema: public; Owner: postgres
--

ALTER TABLE ONLY public.eventos_equipo
    ADD CONSTRAINT eventos_equipo_pkey PRIMARY KEY (id);


--
-- Name: eventos_evento eventos_evento_pkey; Type: CONSTRAINT; Schema: public; Owner: postgres
--

ALTER TABLE ONLY public.eventos_evento
    ADD CONSTRAINT eventos_evento_pkey PRIMARY KEY (id);


--
-- Name: eventos_liga eventos_liga_nombre_key; Type: CONSTRAINT; Schema: public; Owner: postgres
--

ALTER TABLE ONLY public.eventos_liga
    ADD CONSTRAINT eventos_liga_nombre_key UNIQUE (nombre);


--
-- Name: eventos_liga eventos_liga_pkey; Type: CONSTRAINT; Schema: public; Owner: postgres
--

ALTER TABLE ONLY public.eventos_liga
    ADD CONSTRAINT eventos_liga_pkey PRIMARY KEY (id);


--
-- Name: eventos_resultado eventos_resultado_evento_id_key; Type: CONSTRAINT; Schema: public; Owner: postgres
--

ALTER TABLE ONLY public.eventos_resultado
    ADD CONSTRAINT eventos_resultado_evento_id_key UNIQUE (evento_id);


--
-- Name: eventos_resultado eventos_resultado_pkey; Type: CONSTRAINT; Schema: public; Owner: postgres
--

ALTER TABLE ONLY public.eventos_resultado
    ADD CONSTRAINT eventos_resultado_pkey PRIMARY KEY (id);


--
-- Name: juego_responsable_autoexclusion juego_responsable_autoexclusion_pkey; Type: CONSTRAINT; Schema: public; Owner: postgres
--

ALTER TABLE ONLY public.juego_responsable_autoexclusion
    ADD CONSTRAINT juego_responsable_autoexclusion_pkey PRIMARY KEY (id);


--
-- Name: juego_responsable_limite_deposito juego_responsable_limite_deposito_pkey; Type: CONSTRAINT; Schema: public; Owner: postgres
--

ALTER TABLE ONLY public.juego_responsable_limite_deposito
    ADD CONSTRAINT juego_responsable_limite_deposito_pkey PRIMARY KEY (id);


--
-- Name: juego_responsable_limite_deposito juego_responsable_limite_deposito_usuario_id_key; Type: CONSTRAINT; Schema: public; Owner: postgres
--

ALTER TABLE ONLY public.juego_responsable_limite_deposito
    ADD CONSTRAINT juego_responsable_limite_deposito_usuario_id_key UNIQUE (usuario_id);


--
-- Name: juego_responsable_mensaje juego_responsable_mensaje_pkey; Type: CONSTRAINT; Schema: public; Owner: postgres
--

ALTER TABLE ONLY public.juego_responsable_mensaje
    ADD CONSTRAINT juego_responsable_mensaje_pkey PRIMARY KEY (id);


--
-- Name: mercados_mercado mercados_mercado_pkey; Type: CONSTRAINT; Schema: public; Owner: postgres
--

ALTER TABLE ONLY public.mercados_mercado
    ADD CONSTRAINT mercados_mercado_pkey PRIMARY KEY (id);


--
-- Name: mercados_seleccion mercados_seleccion_pkey; Type: CONSTRAINT; Schema: public; Owner: postgres
--

ALTER TABLE ONLY public.mercados_seleccion
    ADD CONSTRAINT mercados_seleccion_pkey PRIMARY KEY (id);


--
-- Name: billetera_account unique_account_tipo_por_usuario; Type: CONSTRAINT; Schema: public; Owner: postgres
--

ALTER TABLE ONLY public.billetera_account
    ADD CONSTRAINT unique_account_tipo_por_usuario UNIQUE (usuario_id, tipo);


--
-- Name: eventos_equipo unique_equipo_por_deporte; Type: CONSTRAINT; Schema: public; Owner: postgres
--

ALTER TABLE ONLY public.eventos_equipo
    ADD CONSTRAINT unique_equipo_por_deporte UNIQUE (nombre, deporte_id);


--
-- Name: mercados_mercado unique_mercado_tipo_por_evento; Type: CONSTRAINT; Schema: public; Owner: postgres
--

ALTER TABLE ONLY public.mercados_mercado
    ADD CONSTRAINT unique_mercado_tipo_por_evento UNIQUE (evento_id, tipo);


--
-- Name: mercados_seleccion unique_seleccion_tipo_por_mercado; Type: CONSTRAINT; Schema: public; Owner: postgres
--

ALTER TABLE ONLY public.mercados_seleccion
    ADD CONSTRAINT unique_seleccion_tipo_por_mercado UNIQUE (mercado_id, tipo);


--
-- Name: usuarios_kyc usuarios_kyc_perfil_id_key; Type: CONSTRAINT; Schema: public; Owner: postgres
--

ALTER TABLE ONLY public.usuarios_kyc
    ADD CONSTRAINT usuarios_kyc_perfil_id_key UNIQUE (perfil_id);


--
-- Name: usuarios_kyc usuarios_kyc_pkey; Type: CONSTRAINT; Schema: public; Owner: postgres
--

ALTER TABLE ONLY public.usuarios_kyc
    ADD CONSTRAINT usuarios_kyc_pkey PRIMARY KEY (id);


--
-- Name: usuarios_perfil usuarios_perfil_dni_key; Type: CONSTRAINT; Schema: public; Owner: postgres
--

ALTER TABLE ONLY public.usuarios_perfil
    ADD CONSTRAINT usuarios_perfil_dni_key UNIQUE (dni);


--
-- Name: usuarios_perfil usuarios_perfil_pkey; Type: CONSTRAINT; Schema: public; Owner: postgres
--

ALTER TABLE ONLY public.usuarios_perfil
    ADD CONSTRAINT usuarios_perfil_pkey PRIMARY KEY (id);


--
-- Name: usuarios_perfil usuarios_perfil_usuario_id_key; Type: CONSTRAINT; Schema: public; Owner: postgres
--

ALTER TABLE ONLY public.usuarios_perfil
    ADD CONSTRAINT usuarios_perfil_usuario_id_key UNIQUE (usuario_id);


--
-- Name: antifraude__estado_a7fdb3_idx; Type: INDEX; Schema: public; Owner: postgres
--

CREATE INDEX antifraude__estado_a7fdb3_idx ON public.antifraude_fraud_alert USING btree (estado);


--
-- Name: antifraude__fecha_c_2ac31d_idx; Type: INDEX; Schema: public; Owner: postgres
--

CREATE INDEX antifraude__fecha_c_2ac31d_idx ON public.antifraude_fraud_alert USING btree (fecha_creacion);


--
-- Name: antifraude__severid_1a882b_idx; Type: INDEX; Schema: public; Owner: postgres
--

CREATE INDEX antifraude__severid_1a882b_idx ON public.antifraude_fraud_alert USING btree (severidad);


--
-- Name: antifraude__tipo_al_22ce9a_idx; Type: INDEX; Schema: public; Owner: postgres
--

CREATE INDEX antifraude__tipo_al_22ce9a_idx ON public.antifraude_fraud_alert USING btree (tipo_alerta);


--
-- Name: antifraude__usuario_a26d1a_idx; Type: INDEX; Schema: public; Owner: postgres
--

CREATE INDEX antifraude__usuario_a26d1a_idx ON public.antifraude_fraud_alert USING btree (usuario_id);


--
-- Name: antifraude_fraud_alert_bet_id_00f188fa; Type: INDEX; Schema: public; Owner: postgres
--

CREATE INDEX antifraude_fraud_alert_bet_id_00f188fa ON public.antifraude_fraud_alert USING btree (bet_id);


--
-- Name: antifraude_fraud_alert_usuario_id_1122c8da; Type: INDEX; Schema: public; Owner: postgres
--

CREATE INDEX antifraude_fraud_alert_usuario_id_1122c8da ON public.antifraude_fraud_alert USING btree (usuario_id);


--
-- Name: apuestas_be_bet_id_eb93f4_idx; Type: INDEX; Schema: public; Owner: postgres
--

CREATE INDEX apuestas_be_bet_id_eb93f4_idx ON public.apuestas_bet_selection USING btree (bet_id);


--
-- Name: apuestas_be_estado_7f6bf2_idx; Type: INDEX; Schema: public; Owner: postgres
--

CREATE INDEX apuestas_be_estado_7f6bf2_idx ON public.apuestas_bet USING btree (estado);


--
-- Name: apuestas_be_fecha_c_32718d_idx; Type: INDEX; Schema: public; Owner: postgres
--

CREATE INDEX apuestas_be_fecha_c_32718d_idx ON public.apuestas_bet USING btree (fecha_creacion);


--
-- Name: apuestas_be_idempot_85b092_idx; Type: INDEX; Schema: public; Owner: postgres
--

CREATE INDEX apuestas_be_idempot_85b092_idx ON public.apuestas_bet USING btree (idempotency_key);


--
-- Name: apuestas_be_odd_id_a8c49a_idx; Type: INDEX; Schema: public; Owner: postgres
--

CREATE INDEX apuestas_be_odd_id_a8c49a_idx ON public.apuestas_bet_selection USING btree (odd_id);


--
-- Name: apuestas_be_resulta_326f88_idx; Type: INDEX; Schema: public; Owner: postgres
--

CREATE INDEX apuestas_be_resulta_326f88_idx ON public.apuestas_bet_selection USING btree (resultado);


--
-- Name: apuestas_be_selecci_b011dc_idx; Type: INDEX; Schema: public; Owner: postgres
--

CREATE INDEX apuestas_be_selecci_b011dc_idx ON public.apuestas_bet_selection USING btree (seleccion_id);


--
-- Name: apuestas_be_tipo_c6e735_idx; Type: INDEX; Schema: public; Owner: postgres
--

CREATE INDEX apuestas_be_tipo_c6e735_idx ON public.apuestas_bet USING btree (tipo);


--
-- Name: apuestas_be_usuario_4b92fb_idx; Type: INDEX; Schema: public; Owner: postgres
--

CREATE INDEX apuestas_be_usuario_4b92fb_idx ON public.apuestas_bet USING btree (usuario_id);


--
-- Name: apuestas_bet_idempotency_key_78b81feb_like; Type: INDEX; Schema: public; Owner: postgres
--

CREATE INDEX apuestas_bet_idempotency_key_78b81feb_like ON public.apuestas_bet USING btree (idempotency_key varchar_pattern_ops);


--
-- Name: apuestas_bet_selection_bet_id_577e288e; Type: INDEX; Schema: public; Owner: postgres
--

CREATE INDEX apuestas_bet_selection_bet_id_577e288e ON public.apuestas_bet_selection USING btree (bet_id);


--
-- Name: apuestas_bet_selection_odd_id_9b36e30d; Type: INDEX; Schema: public; Owner: postgres
--

CREATE INDEX apuestas_bet_selection_odd_id_9b36e30d ON public.apuestas_bet_selection USING btree (odd_id);


--
-- Name: apuestas_bet_selection_seleccion_id_8e2c68ac; Type: INDEX; Schema: public; Owner: postgres
--

CREATE INDEX apuestas_bet_selection_seleccion_id_8e2c68ac ON public.apuestas_bet_selection USING btree (seleccion_id);


--
-- Name: apuestas_bet_usuario_id_a0cda139; Type: INDEX; Schema: public; Owner: postgres
--

CREATE INDEX apuestas_bet_usuario_id_a0cda139 ON public.apuestas_bet USING btree (usuario_id);


--
-- Name: auditoria_a_accion_c59498_idx; Type: INDEX; Schema: public; Owner: postgres
--

CREATE INDEX auditoria_a_accion_c59498_idx ON public.auditoria_audit_log USING btree (accion);


--
-- Name: auditoria_a_current_06a86e_idx; Type: INDEX; Schema: public; Owner: postgres
--

CREATE INDEX auditoria_a_current_06a86e_idx ON public.auditoria_audit_log USING btree (current_hash);


--
-- Name: auditoria_a_entidad_9d69ce_idx; Type: INDEX; Schema: public; Owner: postgres
--

CREATE INDEX auditoria_a_entidad_9d69ce_idx ON public.auditoria_audit_log USING btree (entidad);


--
-- Name: auditoria_a_entidad_e57311_idx; Type: INDEX; Schema: public; Owner: postgres
--

CREATE INDEX auditoria_a_entidad_e57311_idx ON public.auditoria_audit_log USING btree (entidad_id);


--
-- Name: auditoria_a_fecha_c_7f49f5_idx; Type: INDEX; Schema: public; Owner: postgres
--

CREATE INDEX auditoria_a_fecha_c_7f49f5_idx ON public.auditoria_audit_log USING btree (fecha_creacion);


--
-- Name: auditoria_a_tipo_ev_0255c7_idx; Type: INDEX; Schema: public; Owner: postgres
--

CREATE INDEX auditoria_a_tipo_ev_0255c7_idx ON public.auditoria_audit_log USING btree (tipo_evento);


--
-- Name: auditoria_audit_log_creado_por_id_83e2520f; Type: INDEX; Schema: public; Owner: postgres
--

CREATE INDEX auditoria_audit_log_creado_por_id_83e2520f ON public.auditoria_audit_log USING btree (creado_por_id);


--
-- Name: auditoria_audit_log_current_hash_269293d7_like; Type: INDEX; Schema: public; Owner: postgres
--

CREATE INDEX auditoria_audit_log_current_hash_269293d7_like ON public.auditoria_audit_log USING btree (current_hash varchar_pattern_ops);


--
-- Name: auditoria_i_es_vali_330a4e_idx; Type: INDEX; Schema: public; Owner: postgres
--

CREATE INDEX auditoria_i_es_vali_330a4e_idx ON public.auditoria_integrity_check USING btree (es_valida);


--
-- Name: auditoria_i_fecha_e_4314b5_idx; Type: INDEX; Schema: public; Owner: postgres
--

CREATE INDEX auditoria_i_fecha_e_4314b5_idx ON public.auditoria_integrity_check USING btree (fecha_ejecucion);


--
-- Name: auditoria_integrity_check_ejecutado_por_id_3551d4d7; Type: INDEX; Schema: public; Owner: postgres
--

CREATE INDEX auditoria_integrity_check_ejecutado_por_id_3551d4d7 ON public.auditoria_integrity_check USING btree (ejecutado_por_id);


--
-- Name: auth_group_name_a6ea08ec_like; Type: INDEX; Schema: public; Owner: postgres
--

CREATE INDEX auth_group_name_a6ea08ec_like ON public.auth_group USING btree (name varchar_pattern_ops);


--
-- Name: auth_group_permissions_group_id_b120cbf9; Type: INDEX; Schema: public; Owner: postgres
--

CREATE INDEX auth_group_permissions_group_id_b120cbf9 ON public.auth_group_permissions USING btree (group_id);


--
-- Name: auth_group_permissions_permission_id_84c5c92e; Type: INDEX; Schema: public; Owner: postgres
--

CREATE INDEX auth_group_permissions_permission_id_84c5c92e ON public.auth_group_permissions USING btree (permission_id);


--
-- Name: auth_permission_content_type_id_2f476e4b; Type: INDEX; Schema: public; Owner: postgres
--

CREATE INDEX auth_permission_content_type_id_2f476e4b ON public.auth_permission USING btree (content_type_id);


--
-- Name: auth_user_groups_group_id_97559544; Type: INDEX; Schema: public; Owner: postgres
--

CREATE INDEX auth_user_groups_group_id_97559544 ON public.auth_user_groups USING btree (group_id);


--
-- Name: auth_user_groups_user_id_6a12ed8b; Type: INDEX; Schema: public; Owner: postgres
--

CREATE INDEX auth_user_groups_user_id_6a12ed8b ON public.auth_user_groups USING btree (user_id);


--
-- Name: auth_user_user_permissions_permission_id_1fbb5f2c; Type: INDEX; Schema: public; Owner: postgres
--

CREATE INDEX auth_user_user_permissions_permission_id_1fbb5f2c ON public.auth_user_user_permissions USING btree (permission_id);


--
-- Name: auth_user_user_permissions_user_id_a95ead1b; Type: INDEX; Schema: public; Owner: postgres
--

CREATE INDEX auth_user_user_permissions_user_id_a95ead1b ON public.auth_user_user_permissions USING btree (user_id);


--
-- Name: auth_user_username_6821ab7c_like; Type: INDEX; Schema: public; Owner: postgres
--

CREATE INDEX auth_user_username_6821ab7c_like ON public.auth_user USING btree (username varchar_pattern_ops);


--
-- Name: billetera_a_activa_39c79e_idx; Type: INDEX; Schema: public; Owner: postgres
--

CREATE INDEX billetera_a_activa_39c79e_idx ON public.billetera_account USING btree (activa);


--
-- Name: billetera_a_tipo_5aba47_idx; Type: INDEX; Schema: public; Owner: postgres
--

CREATE INDEX billetera_a_tipo_5aba47_idx ON public.billetera_account USING btree (tipo);


--
-- Name: billetera_a_usuario_b3c91d_idx; Type: INDEX; Schema: public; Owner: postgres
--

CREATE INDEX billetera_a_usuario_b3c91d_idx ON public.billetera_account USING btree (usuario_id);


--
-- Name: billetera_account_usuario_id_cc0bee51; Type: INDEX; Schema: public; Owner: postgres
--

CREATE INDEX billetera_account_usuario_id_cc0bee51 ON public.billetera_account USING btree (usuario_id);


--
-- Name: billetera_l_account_10d704_idx; Type: INDEX; Schema: public; Owner: postgres
--

CREATE INDEX billetera_l_account_10d704_idx ON public.billetera_ledger_entry USING btree (account_id);


--
-- Name: billetera_l_directi_c1a103_idx; Type: INDEX; Schema: public; Owner: postgres
--

CREATE INDEX billetera_l_directi_c1a103_idx ON public.billetera_ledger_entry USING btree (direction);


--
-- Name: billetera_l_fecha_c_b50994_idx; Type: INDEX; Schema: public; Owner: postgres
--

CREATE INDEX billetera_l_fecha_c_b50994_idx ON public.billetera_ledger_transaction USING btree (fecha_creacion);


--
-- Name: billetera_l_fecha_c_e0f649_idx; Type: INDEX; Schema: public; Owner: postgres
--

CREATE INDEX billetera_l_fecha_c_e0f649_idx ON public.billetera_ledger_entry USING btree (fecha_creacion);


--
-- Name: billetera_l_idempot_33108f_idx; Type: INDEX; Schema: public; Owner: postgres
--

CREATE INDEX billetera_l_idempot_33108f_idx ON public.billetera_ledger_transaction USING btree (idempotency_key);


--
-- Name: billetera_l_referen_778c10_idx; Type: INDEX; Schema: public; Owner: postgres
--

CREATE INDEX billetera_l_referen_778c10_idx ON public.billetera_ledger_transaction USING btree (referencia);


--
-- Name: billetera_l_tipo_38b784_idx; Type: INDEX; Schema: public; Owner: postgres
--

CREATE INDEX billetera_l_tipo_38b784_idx ON public.billetera_ledger_transaction USING btree (tipo);


--
-- Name: billetera_l_transac_6cbbd6_idx; Type: INDEX; Schema: public; Owner: postgres
--

CREATE INDEX billetera_l_transac_6cbbd6_idx ON public.billetera_ledger_entry USING btree (transaction_id);


--
-- Name: billetera_ledger_entry_account_id_e9d11086; Type: INDEX; Schema: public; Owner: postgres
--

CREATE INDEX billetera_ledger_entry_account_id_e9d11086 ON public.billetera_ledger_entry USING btree (account_id);


--
-- Name: billetera_ledger_entry_transaction_id_f03cf909; Type: INDEX; Schema: public; Owner: postgres
--

CREATE INDEX billetera_ledger_entry_transaction_id_f03cf909 ON public.billetera_ledger_entry USING btree (transaction_id);


--
-- Name: billetera_ledger_transaction_creado_por_id_6ddc33b6; Type: INDEX; Schema: public; Owner: postgres
--

CREATE INDEX billetera_ledger_transaction_creado_por_id_6ddc33b6 ON public.billetera_ledger_transaction USING btree (creado_por_id);


--
-- Name: billetera_ledger_transaction_idempotency_key_3bef985a_like; Type: INDEX; Schema: public; Owner: postgres
--

CREATE INDEX billetera_ledger_transaction_idempotency_key_3bef985a_like ON public.billetera_ledger_transaction USING btree (idempotency_key varchar_pattern_ops);


--
-- Name: cuotas_odd__fecha_c_8e32d2_idx; Type: INDEX; Schema: public; Owner: postgres
--

CREATE INDEX cuotas_odd__fecha_c_8e32d2_idx ON public.cuotas_odd_history USING btree (fecha_cambio);


--
-- Name: cuotas_odd__odd_id_d47101_idx; Type: INDEX; Schema: public; Owner: postgres
--

CREATE INDEX cuotas_odd__odd_id_d47101_idx ON public.cuotas_odd_history USING btree (odd_id);


--
-- Name: cuotas_odd_activa_83ee19_idx; Type: INDEX; Schema: public; Owner: postgres
--

CREATE INDEX cuotas_odd_activa_83ee19_idx ON public.cuotas_odd USING btree (activa);


--
-- Name: cuotas_odd_actualizada_por_id_1887a3be; Type: INDEX; Schema: public; Owner: postgres
--

CREATE INDEX cuotas_odd_actualizada_por_id_1887a3be ON public.cuotas_odd USING btree (actualizada_por_id);


--
-- Name: cuotas_odd_fecha_a_7339a5_idx; Type: INDEX; Schema: public; Owner: postgres
--

CREATE INDEX cuotas_odd_fecha_a_7339a5_idx ON public.cuotas_odd USING btree (fecha_actualizacion);


--
-- Name: cuotas_odd_history_cambiado_por_id_21481e78; Type: INDEX; Schema: public; Owner: postgres
--

CREATE INDEX cuotas_odd_history_cambiado_por_id_21481e78 ON public.cuotas_odd_history USING btree (cambiado_por_id);


--
-- Name: cuotas_odd_history_odd_id_00f25c35; Type: INDEX; Schema: public; Owner: postgres
--

CREATE INDEX cuotas_odd_history_odd_id_00f25c35 ON public.cuotas_odd_history USING btree (odd_id);


--
-- Name: cuotas_odd_suspend_0e1c20_idx; Type: INDEX; Schema: public; Owner: postgres
--

CREATE INDEX cuotas_odd_suspend_0e1c20_idx ON public.cuotas_odd USING btree (suspendida);


--
-- Name: django_admin_log_content_type_id_c4bce8eb; Type: INDEX; Schema: public; Owner: postgres
--

CREATE INDEX django_admin_log_content_type_id_c4bce8eb ON public.django_admin_log USING btree (content_type_id);


--
-- Name: django_admin_log_user_id_c564eba6; Type: INDEX; Schema: public; Owner: postgres
--

CREATE INDEX django_admin_log_user_id_c564eba6 ON public.django_admin_log USING btree (user_id);


--
-- Name: django_session_expire_date_a5c62663; Type: INDEX; Schema: public; Owner: postgres
--

CREATE INDEX django_session_expire_date_a5c62663 ON public.django_session USING btree (expire_date);


--
-- Name: django_session_session_key_c0390e0f_like; Type: INDEX; Schema: public; Owner: postgres
--

CREATE INDEX django_session_session_key_c0390e0f_like ON public.django_session USING btree (session_key varchar_pattern_ops);


--
-- Name: eventos_dep_activo_768b85_idx; Type: INDEX; Schema: public; Owner: postgres
--

CREATE INDEX eventos_dep_activo_768b85_idx ON public.eventos_deporte USING btree (activo);


--
-- Name: eventos_dep_nombre_7c97ad_idx; Type: INDEX; Schema: public; Owner: postgres
--

CREATE INDEX eventos_dep_nombre_7c97ad_idx ON public.eventos_deporte USING btree (nombre);


--
-- Name: eventos_deporte_nombre_40ddc608_like; Type: INDEX; Schema: public; Owner: postgres
--

CREATE INDEX eventos_deporte_nombre_40ddc608_like ON public.eventos_deporte USING btree (nombre varchar_pattern_ops);


--
-- Name: eventos_equ_activo_ea2399_idx; Type: INDEX; Schema: public; Owner: postgres
--

CREATE INDEX eventos_equ_activo_ea2399_idx ON public.eventos_equipo USING btree (activo);


--
-- Name: eventos_equ_deporte_f0a092_idx; Type: INDEX; Schema: public; Owner: postgres
--

CREATE INDEX eventos_equ_deporte_f0a092_idx ON public.eventos_equipo USING btree (deporte_id);


--
-- Name: eventos_equ_nombre_47ee47_idx; Type: INDEX; Schema: public; Owner: postgres
--

CREATE INDEX eventos_equ_nombre_47ee47_idx ON public.eventos_equipo USING btree (nombre);


--
-- Name: eventos_equipo_deporte_id_fc74c45e; Type: INDEX; Schema: public; Owner: postgres
--

CREATE INDEX eventos_equipo_deporte_id_fc74c45e ON public.eventos_equipo USING btree (deporte_id);


--
-- Name: eventos_eve_activo_8e8c71_idx; Type: INDEX; Schema: public; Owner: postgres
--

CREATE INDEX eventos_eve_activo_8e8c71_idx ON public.eventos_evento USING btree (activo);


--
-- Name: eventos_eve_deporte_38b09b_idx; Type: INDEX; Schema: public; Owner: postgres
--

CREATE INDEX eventos_eve_deporte_38b09b_idx ON public.eventos_evento USING btree (deporte_id);


--
-- Name: eventos_eve_estado_6b5412_idx; Type: INDEX; Schema: public; Owner: postgres
--

CREATE INDEX eventos_eve_estado_6b5412_idx ON public.eventos_evento USING btree (estado);


--
-- Name: eventos_eve_fecha_i_0df3d8_idx; Type: INDEX; Schema: public; Owner: postgres
--

CREATE INDEX eventos_eve_fecha_i_0df3d8_idx ON public.eventos_evento USING btree (fecha_inicio);


--
-- Name: eventos_evento_deporte_id_fafd4400; Type: INDEX; Schema: public; Owner: postgres
--

CREATE INDEX eventos_evento_deporte_id_fafd4400 ON public.eventos_evento USING btree (deporte_id);


--
-- Name: eventos_evento_equipo_local_id_acb428d2; Type: INDEX; Schema: public; Owner: postgres
--

CREATE INDEX eventos_evento_equipo_local_id_acb428d2 ON public.eventos_evento USING btree (equipo_local_id);


--
-- Name: eventos_evento_equipo_visitante_id_c9e38773; Type: INDEX; Schema: public; Owner: postgres
--

CREATE INDEX eventos_evento_equipo_visitante_id_c9e38773 ON public.eventos_evento USING btree (equipo_visitante_id);


--
-- Name: eventos_evento_liga_id_30fc26dc; Type: INDEX; Schema: public; Owner: postgres
--

CREATE INDEX eventos_evento_liga_id_30fc26dc ON public.eventos_evento USING btree (liga_id);


--
-- Name: eventos_lig_activa_8106ff_idx; Type: INDEX; Schema: public; Owner: postgres
--

CREATE INDEX eventos_lig_activa_8106ff_idx ON public.eventos_liga USING btree (activa);


--
-- Name: eventos_lig_deporte_e5d9a2_idx; Type: INDEX; Schema: public; Owner: postgres
--

CREATE INDEX eventos_lig_deporte_e5d9a2_idx ON public.eventos_liga USING btree (deporte_id);


--
-- Name: eventos_liga_deporte_id_6e3c29a3; Type: INDEX; Schema: public; Owner: postgres
--

CREATE INDEX eventos_liga_deporte_id_6e3c29a3 ON public.eventos_liga USING btree (deporte_id);


--
-- Name: eventos_liga_nombre_5df29713_like; Type: INDEX; Schema: public; Owner: postgres
--

CREATE INDEX eventos_liga_nombre_5df29713_like ON public.eventos_liga USING btree (nombre varchar_pattern_ops);


--
-- Name: eventos_res_fecha_r_982b11_idx; Type: INDEX; Schema: public; Owner: postgres
--

CREATE INDEX eventos_res_fecha_r_982b11_idx ON public.eventos_resultado USING btree (fecha_registro);


--
-- Name: eventos_res_resulta_70b08c_idx; Type: INDEX; Schema: public; Owner: postgres
--

CREATE INDEX eventos_res_resulta_70b08c_idx ON public.eventos_resultado USING btree (resultado_1x2);


--
-- Name: eventos_resultado_registrado_por_id_775ce91e; Type: INDEX; Schema: public; Owner: postgres
--

CREATE INDEX eventos_resultado_registrado_por_id_775ce91e ON public.eventos_resultado USING btree (registrado_por_id);


--
-- Name: juego_respo_activo_c2115e_idx; Type: INDEX; Schema: public; Owner: postgres
--

CREATE INDEX juego_respo_activo_c2115e_idx ON public.juego_responsable_mensaje USING btree (activo);


--
-- Name: juego_respo_aplicar_46a6be_idx; Type: INDEX; Schema: public; Owner: postgres
--

CREATE INDEX juego_respo_aplicar_46a6be_idx ON public.juego_responsable_limite_deposito USING btree (aplicar_cambio_en);


--
-- Name: juego_respo_duracio_ed3ed9_idx; Type: INDEX; Schema: public; Owner: postgres
--

CREATE INDEX juego_respo_duracio_ed3ed9_idx ON public.juego_responsable_autoexclusion USING btree (duracion);


--
-- Name: juego_respo_estado_67f336_idx; Type: INDEX; Schema: public; Owner: postgres
--

CREATE INDEX juego_respo_estado_67f336_idx ON public.juego_responsable_autoexclusion USING btree (estado);


--
-- Name: juego_respo_fecha_f_43d0e0_idx; Type: INDEX; Schema: public; Owner: postgres
--

CREATE INDEX juego_respo_fecha_f_43d0e0_idx ON public.juego_responsable_autoexclusion USING btree (fecha_fin);


--
-- Name: juego_respo_fecha_i_fd921a_idx; Type: INDEX; Schema: public; Owner: postgres
--

CREATE INDEX juego_respo_fecha_i_fd921a_idx ON public.juego_responsable_autoexclusion USING btree (fecha_inicio);


--
-- Name: juego_respo_ubicaci_37f65d_idx; Type: INDEX; Schema: public; Owner: postgres
--

CREATE INDEX juego_respo_ubicaci_37f65d_idx ON public.juego_responsable_mensaje USING btree (ubicacion);


--
-- Name: juego_respo_usuario_109176_idx; Type: INDEX; Schema: public; Owner: postgres
--

CREATE INDEX juego_respo_usuario_109176_idx ON public.juego_responsable_autoexclusion USING btree (usuario_id);


--
-- Name: juego_respo_usuario_9cd3f0_idx; Type: INDEX; Schema: public; Owner: postgres
--

CREATE INDEX juego_respo_usuario_9cd3f0_idx ON public.juego_responsable_limite_deposito USING btree (usuario_id);


--
-- Name: juego_responsable_autoexclusion_creada_por_id_3b8b4941; Type: INDEX; Schema: public; Owner: postgres
--

CREATE INDEX juego_responsable_autoexclusion_creada_por_id_3b8b4941 ON public.juego_responsable_autoexclusion USING btree (creada_por_id);


--
-- Name: juego_responsable_autoexclusion_usuario_id_d1a949eb; Type: INDEX; Schema: public; Owner: postgres
--

CREATE INDEX juego_responsable_autoexclusion_usuario_id_d1a949eb ON public.juego_responsable_autoexclusion USING btree (usuario_id);


--
-- Name: mercados_me_activo_956257_idx; Type: INDEX; Schema: public; Owner: postgres
--

CREATE INDEX mercados_me_activo_956257_idx ON public.mercados_mercado USING btree (activo);


--
-- Name: mercados_me_evento__25486f_idx; Type: INDEX; Schema: public; Owner: postgres
--

CREATE INDEX mercados_me_evento__25486f_idx ON public.mercados_mercado USING btree (evento_id);


--
-- Name: mercados_me_suspend_decf34_idx; Type: INDEX; Schema: public; Owner: postgres
--

CREATE INDEX mercados_me_suspend_decf34_idx ON public.mercados_mercado USING btree (suspendido);


--
-- Name: mercados_me_tipo_10203b_idx; Type: INDEX; Schema: public; Owner: postgres
--

CREATE INDEX mercados_me_tipo_10203b_idx ON public.mercados_mercado USING btree (tipo);


--
-- Name: mercados_mercado_evento_id_68a01654; Type: INDEX; Schema: public; Owner: postgres
--

CREATE INDEX mercados_mercado_evento_id_68a01654 ON public.mercados_mercado USING btree (evento_id);


--
-- Name: mercados_se_activo_bf2473_idx; Type: INDEX; Schema: public; Owner: postgres
--

CREATE INDEX mercados_se_activo_bf2473_idx ON public.mercados_seleccion USING btree (activo);


--
-- Name: mercados_se_mercado_a10236_idx; Type: INDEX; Schema: public; Owner: postgres
--

CREATE INDEX mercados_se_mercado_a10236_idx ON public.mercados_seleccion USING btree (mercado_id);


--
-- Name: mercados_se_tipo_2244fc_idx; Type: INDEX; Schema: public; Owner: postgres
--

CREATE INDEX mercados_se_tipo_2244fc_idx ON public.mercados_seleccion USING btree (tipo);


--
-- Name: mercados_seleccion_mercado_id_54a764c1; Type: INDEX; Schema: public; Owner: postgres
--

CREATE INDEX mercados_seleccion_mercado_id_54a764c1 ON public.mercados_seleccion USING btree (mercado_id);


--
-- Name: usuarios_ky_dni_ver_1be3c2_idx; Type: INDEX; Schema: public; Owner: postgres
--

CREATE INDEX usuarios_ky_dni_ver_1be3c2_idx ON public.usuarios_kyc USING btree (dni_verificado);


--
-- Name: usuarios_ky_mayor_e_e7911e_idx; Type: INDEX; Schema: public; Owner: postgres
--

CREATE INDEX usuarios_ky_mayor_e_e7911e_idx ON public.usuarios_kyc USING btree (mayor_edad_verificado);


--
-- Name: usuarios_kyc_verificado_por_id_e31ead92; Type: INDEX; Schema: public; Owner: postgres
--

CREATE INDEX usuarios_kyc_verificado_por_id_e31ead92 ON public.usuarios_kyc USING btree (verificado_por_id);


--
-- Name: usuarios_pe_dni_75debc_idx; Type: INDEX; Schema: public; Owner: postgres
--

CREATE INDEX usuarios_pe_dni_75debc_idx ON public.usuarios_perfil USING btree (dni);


--
-- Name: usuarios_pe_estado__7cf0b1_idx; Type: INDEX; Schema: public; Owner: postgres
--

CREATE INDEX usuarios_pe_estado__7cf0b1_idx ON public.usuarios_perfil USING btree (estado_cuenta);


--
-- Name: usuarios_perfil_dni_f55c77e9_like; Type: INDEX; Schema: public; Owner: postgres
--

CREATE INDEX usuarios_perfil_dni_f55c77e9_like ON public.usuarios_perfil USING btree (dni varchar_pattern_ops);


--
-- Name: antifraude_fraud_alert antifraude_fraud_alert_bet_id_00f188fa_fk_apuestas_bet_id; Type: FK CONSTRAINT; Schema: public; Owner: postgres
--

ALTER TABLE ONLY public.antifraude_fraud_alert
    ADD CONSTRAINT antifraude_fraud_alert_bet_id_00f188fa_fk_apuestas_bet_id FOREIGN KEY (bet_id) REFERENCES public.apuestas_bet(id) DEFERRABLE INITIALLY DEFERRED;


--
-- Name: antifraude_fraud_alert antifraude_fraud_alert_usuario_id_1122c8da_fk_auth_user_id; Type: FK CONSTRAINT; Schema: public; Owner: postgres
--

ALTER TABLE ONLY public.antifraude_fraud_alert
    ADD CONSTRAINT antifraude_fraud_alert_usuario_id_1122c8da_fk_auth_user_id FOREIGN KEY (usuario_id) REFERENCES public.auth_user(id) DEFERRABLE INITIALLY DEFERRED;


--
-- Name: apuestas_bet_selection apuestas_bet_selecti_seleccion_id_8e2c68ac_fk_mercados_; Type: FK CONSTRAINT; Schema: public; Owner: postgres
--

ALTER TABLE ONLY public.apuestas_bet_selection
    ADD CONSTRAINT apuestas_bet_selecti_seleccion_id_8e2c68ac_fk_mercados_ FOREIGN KEY (seleccion_id) REFERENCES public.mercados_seleccion(id) DEFERRABLE INITIALLY DEFERRED;


--
-- Name: apuestas_bet_selection apuestas_bet_selection_bet_id_577e288e_fk_apuestas_bet_id; Type: FK CONSTRAINT; Schema: public; Owner: postgres
--

ALTER TABLE ONLY public.apuestas_bet_selection
    ADD CONSTRAINT apuestas_bet_selection_bet_id_577e288e_fk_apuestas_bet_id FOREIGN KEY (bet_id) REFERENCES public.apuestas_bet(id) DEFERRABLE INITIALLY DEFERRED;


--
-- Name: apuestas_bet_selection apuestas_bet_selection_odd_id_9b36e30d_fk_cuotas_odd_id; Type: FK CONSTRAINT; Schema: public; Owner: postgres
--

ALTER TABLE ONLY public.apuestas_bet_selection
    ADD CONSTRAINT apuestas_bet_selection_odd_id_9b36e30d_fk_cuotas_odd_id FOREIGN KEY (odd_id) REFERENCES public.cuotas_odd(id) DEFERRABLE INITIALLY DEFERRED;


--
-- Name: apuestas_bet apuestas_bet_usuario_id_a0cda139_fk_auth_user_id; Type: FK CONSTRAINT; Schema: public; Owner: postgres
--

ALTER TABLE ONLY public.apuestas_bet
    ADD CONSTRAINT apuestas_bet_usuario_id_a0cda139_fk_auth_user_id FOREIGN KEY (usuario_id) REFERENCES public.auth_user(id) DEFERRABLE INITIALLY DEFERRED;


--
-- Name: auditoria_audit_log auditoria_audit_log_creado_por_id_83e2520f_fk_auth_user_id; Type: FK CONSTRAINT; Schema: public; Owner: postgres
--

ALTER TABLE ONLY public.auditoria_audit_log
    ADD CONSTRAINT auditoria_audit_log_creado_por_id_83e2520f_fk_auth_user_id FOREIGN KEY (creado_por_id) REFERENCES public.auth_user(id) DEFERRABLE INITIALLY DEFERRED;


--
-- Name: auditoria_integrity_check auditoria_integrity__ejecutado_por_id_3551d4d7_fk_auth_user; Type: FK CONSTRAINT; Schema: public; Owner: postgres
--

ALTER TABLE ONLY public.auditoria_integrity_check
    ADD CONSTRAINT auditoria_integrity__ejecutado_por_id_3551d4d7_fk_auth_user FOREIGN KEY (ejecutado_por_id) REFERENCES public.auth_user(id) DEFERRABLE INITIALLY DEFERRED;


--
-- Name: auth_group_permissions auth_group_permissio_permission_id_84c5c92e_fk_auth_perm; Type: FK CONSTRAINT; Schema: public; Owner: postgres
--

ALTER TABLE ONLY public.auth_group_permissions
    ADD CONSTRAINT auth_group_permissio_permission_id_84c5c92e_fk_auth_perm FOREIGN KEY (permission_id) REFERENCES public.auth_permission(id) DEFERRABLE INITIALLY DEFERRED;


--
-- Name: auth_group_permissions auth_group_permissions_group_id_b120cbf9_fk_auth_group_id; Type: FK CONSTRAINT; Schema: public; Owner: postgres
--

ALTER TABLE ONLY public.auth_group_permissions
    ADD CONSTRAINT auth_group_permissions_group_id_b120cbf9_fk_auth_group_id FOREIGN KEY (group_id) REFERENCES public.auth_group(id) DEFERRABLE INITIALLY DEFERRED;


--
-- Name: auth_permission auth_permission_content_type_id_2f476e4b_fk_django_co; Type: FK CONSTRAINT; Schema: public; Owner: postgres
--

ALTER TABLE ONLY public.auth_permission
    ADD CONSTRAINT auth_permission_content_type_id_2f476e4b_fk_django_co FOREIGN KEY (content_type_id) REFERENCES public.django_content_type(id) DEFERRABLE INITIALLY DEFERRED;


--
-- Name: auth_user_groups auth_user_groups_group_id_97559544_fk_auth_group_id; Type: FK CONSTRAINT; Schema: public; Owner: postgres
--

ALTER TABLE ONLY public.auth_user_groups
    ADD CONSTRAINT auth_user_groups_group_id_97559544_fk_auth_group_id FOREIGN KEY (group_id) REFERENCES public.auth_group(id) DEFERRABLE INITIALLY DEFERRED;


--
-- Name: auth_user_groups auth_user_groups_user_id_6a12ed8b_fk_auth_user_id; Type: FK CONSTRAINT; Schema: public; Owner: postgres
--

ALTER TABLE ONLY public.auth_user_groups
    ADD CONSTRAINT auth_user_groups_user_id_6a12ed8b_fk_auth_user_id FOREIGN KEY (user_id) REFERENCES public.auth_user(id) DEFERRABLE INITIALLY DEFERRED;


--
-- Name: auth_user_user_permissions auth_user_user_permi_permission_id_1fbb5f2c_fk_auth_perm; Type: FK CONSTRAINT; Schema: public; Owner: postgres
--

ALTER TABLE ONLY public.auth_user_user_permissions
    ADD CONSTRAINT auth_user_user_permi_permission_id_1fbb5f2c_fk_auth_perm FOREIGN KEY (permission_id) REFERENCES public.auth_permission(id) DEFERRABLE INITIALLY DEFERRED;


--
-- Name: auth_user_user_permissions auth_user_user_permissions_user_id_a95ead1b_fk_auth_user_id; Type: FK CONSTRAINT; Schema: public; Owner: postgres
--

ALTER TABLE ONLY public.auth_user_user_permissions
    ADD CONSTRAINT auth_user_user_permissions_user_id_a95ead1b_fk_auth_user_id FOREIGN KEY (user_id) REFERENCES public.auth_user(id) DEFERRABLE INITIALLY DEFERRED;


--
-- Name: billetera_account billetera_account_usuario_id_cc0bee51_fk_auth_user_id; Type: FK CONSTRAINT; Schema: public; Owner: postgres
--

ALTER TABLE ONLY public.billetera_account
    ADD CONSTRAINT billetera_account_usuario_id_cc0bee51_fk_auth_user_id FOREIGN KEY (usuario_id) REFERENCES public.auth_user(id) DEFERRABLE INITIALLY DEFERRED;


--
-- Name: billetera_ledger_entry billetera_ledger_ent_account_id_e9d11086_fk_billetera; Type: FK CONSTRAINT; Schema: public; Owner: postgres
--

ALTER TABLE ONLY public.billetera_ledger_entry
    ADD CONSTRAINT billetera_ledger_ent_account_id_e9d11086_fk_billetera FOREIGN KEY (account_id) REFERENCES public.billetera_account(id) DEFERRABLE INITIALLY DEFERRED;


--
-- Name: billetera_ledger_entry billetera_ledger_ent_transaction_id_f03cf909_fk_billetera; Type: FK CONSTRAINT; Schema: public; Owner: postgres
--

ALTER TABLE ONLY public.billetera_ledger_entry
    ADD CONSTRAINT billetera_ledger_ent_transaction_id_f03cf909_fk_billetera FOREIGN KEY (transaction_id) REFERENCES public.billetera_ledger_transaction(id) DEFERRABLE INITIALLY DEFERRED;


--
-- Name: billetera_ledger_transaction billetera_ledger_tra_creado_por_id_6ddc33b6_fk_auth_user; Type: FK CONSTRAINT; Schema: public; Owner: postgres
--

ALTER TABLE ONLY public.billetera_ledger_transaction
    ADD CONSTRAINT billetera_ledger_tra_creado_por_id_6ddc33b6_fk_auth_user FOREIGN KEY (creado_por_id) REFERENCES public.auth_user(id) DEFERRABLE INITIALLY DEFERRED;


--
-- Name: cuotas_odd cuotas_odd_actualizada_por_id_1887a3be_fk_auth_user_id; Type: FK CONSTRAINT; Schema: public; Owner: postgres
--

ALTER TABLE ONLY public.cuotas_odd
    ADD CONSTRAINT cuotas_odd_actualizada_por_id_1887a3be_fk_auth_user_id FOREIGN KEY (actualizada_por_id) REFERENCES public.auth_user(id) DEFERRABLE INITIALLY DEFERRED;


--
-- Name: cuotas_odd_history cuotas_odd_history_cambiado_por_id_21481e78_fk_auth_user_id; Type: FK CONSTRAINT; Schema: public; Owner: postgres
--

ALTER TABLE ONLY public.cuotas_odd_history
    ADD CONSTRAINT cuotas_odd_history_cambiado_por_id_21481e78_fk_auth_user_id FOREIGN KEY (cambiado_por_id) REFERENCES public.auth_user(id) DEFERRABLE INITIALLY DEFERRED;


--
-- Name: cuotas_odd_history cuotas_odd_history_odd_id_00f25c35_fk_cuotas_odd_id; Type: FK CONSTRAINT; Schema: public; Owner: postgres
--

ALTER TABLE ONLY public.cuotas_odd_history
    ADD CONSTRAINT cuotas_odd_history_odd_id_00f25c35_fk_cuotas_odd_id FOREIGN KEY (odd_id) REFERENCES public.cuotas_odd(id) DEFERRABLE INITIALLY DEFERRED;


--
-- Name: cuotas_odd cuotas_odd_seleccion_id_b05e8b61_fk_mercados_seleccion_id; Type: FK CONSTRAINT; Schema: public; Owner: postgres
--

ALTER TABLE ONLY public.cuotas_odd
    ADD CONSTRAINT cuotas_odd_seleccion_id_b05e8b61_fk_mercados_seleccion_id FOREIGN KEY (seleccion_id) REFERENCES public.mercados_seleccion(id) DEFERRABLE INITIALLY DEFERRED;


--
-- Name: django_admin_log django_admin_log_content_type_id_c4bce8eb_fk_django_co; Type: FK CONSTRAINT; Schema: public; Owner: postgres
--

ALTER TABLE ONLY public.django_admin_log
    ADD CONSTRAINT django_admin_log_content_type_id_c4bce8eb_fk_django_co FOREIGN KEY (content_type_id) REFERENCES public.django_content_type(id) DEFERRABLE INITIALLY DEFERRED;


--
-- Name: django_admin_log django_admin_log_user_id_c564eba6_fk_auth_user_id; Type: FK CONSTRAINT; Schema: public; Owner: postgres
--

ALTER TABLE ONLY public.django_admin_log
    ADD CONSTRAINT django_admin_log_user_id_c564eba6_fk_auth_user_id FOREIGN KEY (user_id) REFERENCES public.auth_user(id) DEFERRABLE INITIALLY DEFERRED;


--
-- Name: eventos_equipo eventos_equipo_deporte_id_fc74c45e_fk_eventos_deporte_id; Type: FK CONSTRAINT; Schema: public; Owner: postgres
--

ALTER TABLE ONLY public.eventos_equipo
    ADD CONSTRAINT eventos_equipo_deporte_id_fc74c45e_fk_eventos_deporte_id FOREIGN KEY (deporte_id) REFERENCES public.eventos_deporte(id) DEFERRABLE INITIALLY DEFERRED;


--
-- Name: eventos_evento eventos_evento_deporte_id_fafd4400_fk_eventos_deporte_id; Type: FK CONSTRAINT; Schema: public; Owner: postgres
--

ALTER TABLE ONLY public.eventos_evento
    ADD CONSTRAINT eventos_evento_deporte_id_fafd4400_fk_eventos_deporte_id FOREIGN KEY (deporte_id) REFERENCES public.eventos_deporte(id) DEFERRABLE INITIALLY DEFERRED;


--
-- Name: eventos_evento eventos_evento_equipo_local_id_acb428d2_fk_eventos_equipo_id; Type: FK CONSTRAINT; Schema: public; Owner: postgres
--

ALTER TABLE ONLY public.eventos_evento
    ADD CONSTRAINT eventos_evento_equipo_local_id_acb428d2_fk_eventos_equipo_id FOREIGN KEY (equipo_local_id) REFERENCES public.eventos_equipo(id) DEFERRABLE INITIALLY DEFERRED;


--
-- Name: eventos_evento eventos_evento_equipo_visitante_id_c9e38773_fk_eventos_e; Type: FK CONSTRAINT; Schema: public; Owner: postgres
--

ALTER TABLE ONLY public.eventos_evento
    ADD CONSTRAINT eventos_evento_equipo_visitante_id_c9e38773_fk_eventos_e FOREIGN KEY (equipo_visitante_id) REFERENCES public.eventos_equipo(id) DEFERRABLE INITIALLY DEFERRED;


--
-- Name: eventos_evento eventos_evento_liga_id_30fc26dc_fk_eventos_liga_id; Type: FK CONSTRAINT; Schema: public; Owner: postgres
--

ALTER TABLE ONLY public.eventos_evento
    ADD CONSTRAINT eventos_evento_liga_id_30fc26dc_fk_eventos_liga_id FOREIGN KEY (liga_id) REFERENCES public.eventos_liga(id) DEFERRABLE INITIALLY DEFERRED;


--
-- Name: eventos_liga eventos_liga_deporte_id_6e3c29a3_fk_eventos_deporte_id; Type: FK CONSTRAINT; Schema: public; Owner: postgres
--

ALTER TABLE ONLY public.eventos_liga
    ADD CONSTRAINT eventos_liga_deporte_id_6e3c29a3_fk_eventos_deporte_id FOREIGN KEY (deporte_id) REFERENCES public.eventos_deporte(id) DEFERRABLE INITIALLY DEFERRED;


--
-- Name: eventos_resultado eventos_resultado_evento_id_349d64e7_fk_eventos_evento_id; Type: FK CONSTRAINT; Schema: public; Owner: postgres
--

ALTER TABLE ONLY public.eventos_resultado
    ADD CONSTRAINT eventos_resultado_evento_id_349d64e7_fk_eventos_evento_id FOREIGN KEY (evento_id) REFERENCES public.eventos_evento(id) DEFERRABLE INITIALLY DEFERRED;


--
-- Name: eventos_resultado eventos_resultado_registrado_por_id_775ce91e_fk_auth_user_id; Type: FK CONSTRAINT; Schema: public; Owner: postgres
--

ALTER TABLE ONLY public.eventos_resultado
    ADD CONSTRAINT eventos_resultado_registrado_por_id_775ce91e_fk_auth_user_id FOREIGN KEY (registrado_por_id) REFERENCES public.auth_user(id) DEFERRABLE INITIALLY DEFERRED;


--
-- Name: juego_responsable_autoexclusion juego_responsable_au_creada_por_id_3b8b4941_fk_auth_user; Type: FK CONSTRAINT; Schema: public; Owner: postgres
--

ALTER TABLE ONLY public.juego_responsable_autoexclusion
    ADD CONSTRAINT juego_responsable_au_creada_por_id_3b8b4941_fk_auth_user FOREIGN KEY (creada_por_id) REFERENCES public.auth_user(id) DEFERRABLE INITIALLY DEFERRED;


--
-- Name: juego_responsable_autoexclusion juego_responsable_au_usuario_id_d1a949eb_fk_auth_user; Type: FK CONSTRAINT; Schema: public; Owner: postgres
--

ALTER TABLE ONLY public.juego_responsable_autoexclusion
    ADD CONSTRAINT juego_responsable_au_usuario_id_d1a949eb_fk_auth_user FOREIGN KEY (usuario_id) REFERENCES public.auth_user(id) DEFERRABLE INITIALLY DEFERRED;


--
-- Name: juego_responsable_limite_deposito juego_responsable_li_usuario_id_83baabfa_fk_auth_user; Type: FK CONSTRAINT; Schema: public; Owner: postgres
--

ALTER TABLE ONLY public.juego_responsable_limite_deposito
    ADD CONSTRAINT juego_responsable_li_usuario_id_83baabfa_fk_auth_user FOREIGN KEY (usuario_id) REFERENCES public.auth_user(id) DEFERRABLE INITIALLY DEFERRED;


--
-- Name: mercados_mercado mercados_mercado_evento_id_68a01654_fk_eventos_evento_id; Type: FK CONSTRAINT; Schema: public; Owner: postgres
--

ALTER TABLE ONLY public.mercados_mercado
    ADD CONSTRAINT mercados_mercado_evento_id_68a01654_fk_eventos_evento_id FOREIGN KEY (evento_id) REFERENCES public.eventos_evento(id) DEFERRABLE INITIALLY DEFERRED;


--
-- Name: mercados_seleccion mercados_seleccion_mercado_id_54a764c1_fk_mercados_mercado_id; Type: FK CONSTRAINT; Schema: public; Owner: postgres
--

ALTER TABLE ONLY public.mercados_seleccion
    ADD CONSTRAINT mercados_seleccion_mercado_id_54a764c1_fk_mercados_mercado_id FOREIGN KEY (mercado_id) REFERENCES public.mercados_mercado(id) DEFERRABLE INITIALLY DEFERRED;


--
-- Name: usuarios_kyc usuarios_kyc_perfil_id_f0bf05e7_fk_usuarios_perfil_id; Type: FK CONSTRAINT; Schema: public; Owner: postgres
--

ALTER TABLE ONLY public.usuarios_kyc
    ADD CONSTRAINT usuarios_kyc_perfil_id_f0bf05e7_fk_usuarios_perfil_id FOREIGN KEY (perfil_id) REFERENCES public.usuarios_perfil(id) DEFERRABLE INITIALLY DEFERRED;


--
-- Name: usuarios_kyc usuarios_kyc_verificado_por_id_e31ead92_fk_auth_user_id; Type: FK CONSTRAINT; Schema: public; Owner: postgres
--

ALTER TABLE ONLY public.usuarios_kyc
    ADD CONSTRAINT usuarios_kyc_verificado_por_id_e31ead92_fk_auth_user_id FOREIGN KEY (verificado_por_id) REFERENCES public.auth_user(id) DEFERRABLE INITIALLY DEFERRED;


--
-- Name: usuarios_perfil usuarios_perfil_usuario_id_ca6ea2f9_fk_auth_user_id; Type: FK CONSTRAINT; Schema: public; Owner: postgres
--

ALTER TABLE ONLY public.usuarios_perfil
    ADD CONSTRAINT usuarios_perfil_usuario_id_ca6ea2f9_fk_auth_user_id FOREIGN KEY (usuario_id) REFERENCES public.auth_user(id) DEFERRABLE INITIALLY DEFERRED;


--
-- PostgreSQL database dump complete
--

\unrestrict 5K678HJMGAMRcdDJXZ9grvrOUU1oeGaaoPnZeN3tdneyWm1jaCfeKKZygAdPnEw

